timestamp,signal,confidence,entry_price,stop_loss,take_profit,outcome,close_price,close_time,ta_summary,sentiment_summary,history_summary,decision_rationale,overrides,indicators,tp_adjustments,tp_adjustment_log
2026-04-10 00:51:40,Do Not Enter,25,,,,pending,,,RSI at 33.14 shows oversold conditions but DI- dominates at 50.26 vs DI+ at 18.69 confirming strong bearish trend with negative MACD at -0.0005,News sentiment at +0.15 is weakly positive but insufficient to overcome technical bearish signals,No previous signal history to reference for pattern analysis,Strong bearish directional indicators (DI- >> DI+) combined with weak sentiment make this a falling knife scenario despite oversold RSI [OVERRIDDEN: Confidence 25% below 60% threshold],Confidence 25% below 60% threshold,RSI: 33.142 | MACD: -0.0005 | ATR: 0.0004 | DI_PLUS: 18.6915 | DI_MINUS: 50.2575,0,
2026-04-10 00:54:50,Do Not Enter,25,,,,pending,,,RSI deeply oversold at 23.42 but DI- dominates at 65.14 vs DI+ at 13.04 confirming strong bearish trend with ADX at 30.57,News sentiment barely positive at +0.15 which fails to provide confirmation needed for oversold bounce in falling knife scenario,No trade history available for pattern analysis with only one pending low-confidence signal,Strong bearish directional bias from DI indicators combined with insufficient sentiment support makes this oversold RSI a falling knife rather than bounce opportunity [OVERRIDDEN: Confidence 25% below 60% threshold],Confidence 25% below 60% threshold,RSI: 23.4169 | ADX: 30.5664 | DI_PLUS: 13.0412 | DI_MINUS: 65.1371,0,
2026-04-10 00:57:48,Do Not Enter,25,,,,pending,,,RSI at 33.79 shows oversold conditions but DI- (54.03) dominates DI+ (16.35) confirming strong bearish trend with ADX 35.95 indicating strong momentum,News sentiment at +0.15 is weakly positive but insufficient to overcome technical bearish signals,Two consecutive Do Not Enter signals indicate unfavorable market conditions persisting,"Despite oversold RSI, the bearish directional bias (DI- >> DI+) and weak sentiment (+0.15 < +0.4 threshold) create a falling knife scenario unsuitable for aggressive day trading [OVERRIDDEN: Confidence 25% below 60% threshold]",Confidence 25% below 60% threshold,RSI: 33.7881 | MACD: -0.0008 | ADX: 35.9515 | DI_PLUS: 16.3527 | DI_MINUS: 54.0277,0,
2026-04-10 01:00:50,Do Not Enter,25,,,,pending,,,RSI at 27.8 shows oversold conditions but DI- (48.09) dominates DI+ (20.36) confirming strong bearish trend despite high ADX (39.18) trend strength,Weak positive sentiment at +0.15 is insufficient to overcome oversold RSI below 35 threshold requiring +0.4 sentiment for buy consideration,No trade history available yet with three consecutive 'Do Not Enter' signals indicating challenging market conditions for day trading setups,Strong bearish directional bias (DI- >> DI+) combined with inadequate sentiment support for oversold bounce creates high-risk environment below 60% confidence threshold [OVERRIDDEN: Confidence 25% below 60% threshold],Confidence 25% below 60% threshold,RSI: 27.7957 | MACD: -0.0009 | ADX: 39.175 | DI_PLUS: 20.3586 | DI_MINUS: 48.0944,0,
2026-04-10 01:03:49,Do Not Enter,25,,,,pending,,,RSI at 30.45 shows oversold conditions but DI- (45.10) dominates DI+ (18.66) confirming strong bearish trend with very low volatility (BB_WIDTH 0.003),Weak positive sentiment (+0.15) insufficient to overcome technical bearish signals,"All recent signals correctly avoided entries at 25% confidence, maintaining capital preservation",Never enter Buy when DI- exceeds DI+ regardless of oversold RSI - bearish trend intact with insufficient volatility for momentum trades [OVERRIDDEN: Confidence 25% below 60% threshold],Confidence 25% below 60% threshold,RSI: 30.4521 | MACD: -0.0008 | BB_WIDTH: 0.003065 | ADX: 39.0345 | DI_PLUS: 18.6582 | DI_MINUS: 45.1023,0,
2026-04-10 01:06:49,Do Not Enter,25,,,,pending,,,DI- at 42.15 dominates DI+ at 27.40 confirming strong bearish trend despite RSI at 40.70 approaching oversold,Weak positive sentiment at +0.15 insufficient to counter technical bearish momentum,Pattern of consecutive low-confidence signals continues with no profitable setups materializing,Bearish directional indicators and weak sentiment create sub-60% confidence preventing aggressive day trade entry [OVERRIDDEN: Confidence 25% below 60% threshold],Confidence 25% below 60% threshold,RSI: 40.7026 | MACD: -0.0009 | ADX: 39.5033 | DI_PLUS: 27.4015 | DI_MINUS: 42.1545,0,
2026-04-10 01:09:50,Buy,75,1.3381,1.3231,1.3606,pending,,,RSI at neutral 56.3 with strong ADX 33.8 and DI+ 42.8 > DI- 30.6 confirming uptrend momentum,Mildly positive sentiment +0.15 provides sufficient backdrop for momentum continuation,"Previous cautious filtering prevented losses, now clear directional signals warrant aggressive entry",Strong directional confluence with DI+ dominance and trend strength justifies aggressive day trade despite modest sentiment,,RSI: 56.3192 | MACD: -0.0005 | ADX: 33.7654 | DI_PLUS: 42.8494 | DI_MINUS: 30.6125,0,
2026-04-10 01:12:50,Buy,65,1.3379,1.3229,1.3604,pending,,,"RSI at neutral 54.56 with DI+ (40.57) clearly above DI- (28.48) confirming uptrend direction, ADX at 30.6 shows moderate trend strength.","News sentiment is mildly positive at +0.15, providing slight bullish bias but not strong confirmation.","Recent pattern shows mostly cautious 'Do Not Enter' signals followed by one confident Buy, indicating selective but decisive approach.","Clear directional bias from DI+ > DI- with neutral RSI allows for momentum entry, targeting 1.68% move with 1.12% stop matching aggressive day trading parameters.",,RSI: 54.5628 | MACD: -0.0002 | ADX: 30.598 | DI_PLUS: 40.5725 | DI_MINUS: 28.4763,0,
2026-04-10 01:12:50,Buy,65,1.3379,1.3229,1.3604,W,1.36042,2026-04-10 08:02:15,"RSI at neutral 54.56 with DI+ (40.57) clearly above DI- (28.48) confirming uptrend direction, ADX at 30.6 shows moderate trend strength.","News sentiment is mildly positive at +0.15, providing slight bullish bias but not strong confirmation.","Recent pattern shows mostly cautious 'Do Not Enter' signals followed by one confident Buy, indicating selective but decisive approach.","Clear directional bias from DI+ > DI- with neutral RSI allows for momentum entry, targeting 1.68% move with 1.12% stop matching aggressive day trading parameters.",,RSI: 54.5628 | MACD: -0.0002 | ADX: 30.598 | DI_PLUS: 40.5725 | DI_MINUS: 28.4763,0,
2026-04-10 08:07:43,Buy,72,1.3573,1.3426,1.3794,pending,,,"RSI at neutral 54.5 with bullish MACD momentum, DI+ (36.37) clearly above DI- (28.48) confirming uptrend, ADX at 27.45 shows decent trend strength.",News sentiment at +0.15 is mildly positive but limited headlines suggest low market attention on XRP fundamentals.,Recent pattern shows high-confidence entries with positive trend confirmation significantly outperformed cautious periods.,"Strong directional bias from DI+ dominance, MACD turning positive, and proven success pattern justifies aggressive entry despite modest sentiment.",,RSI: 54.5018 | MACD: 0.0011 | BB_UPPER: 1.3607 | ADX: 27.4526 | DI_PLUS: 36.3662 | DI_MINUS: 28.4783,0,
2026-04-10 01:09:50,Buy,75,1.3381,1.3231,1.3606,W,1.361,2026-04-10 08:25:01,RSI at neutral 56.3 with strong ADX 33.8 and DI+ 42.8 > DI- 30.6 confirming uptrend momentum,Mildly positive sentiment +0.15 provides sufficient backdrop for momentum continuation,"Previous cautious filtering prevented losses, now clear directional signals warrant aggressive entry",Strong directional confluence with DI+ dominance and trend strength justifies aggressive day trade despite modest sentiment,,RSI: 56.3192 | MACD: -0.0005 | ADX: 33.7654 | DI_PLUS: 42.8494 | DI_MINUS: 30.6125,0,
2026-04-10 08:25:40,Buy,72,1.3601,1.3456,1.3819,pending,,,"RSI at 60.15 shows healthy momentum without overbought conditions, MACD at 0.0006 indicates slight bullish momentum, and DI+ at 43.69 strongly dominates DI- at 19.66 confirming uptrend.",News sentiment at +0.15 is mildly positive with 3 headlines providing modest bullish backdrop.,Recent high-confidence buy signals (65-75%) have generated wins while low-confidence signals were correctly avoided.,Strong directional bias from DI indicators combined with healthy RSI momentum and positive MACD creates solid confluence for aggressive day trade entry targeting 1.6% move.,,RSI: 60.1534 | MACD: 0.0006 | DI_PLUS: 43.6857 | DI_MINUS: 19.6636,0,
2026-04-10 08:25:40,Buy,72,1.3601,1.3456,1.3819,L,1.34521,2026-04-10 23:06:23,"RSI at 60.15 shows healthy momentum without overbought conditions, MACD at 0.0006 indicates slight bullish momentum, and DI+ at 43.69 strongly dominates DI- at 19.66 confirming uptrend.",News sentiment at +0.15 is mildly positive with 3 headlines providing modest bullish backdrop.,Recent high-confidence buy signals (65-75%) have generated wins while low-confidence signals were correctly avoided.,Strong directional bias from DI indicators combined with healthy RSI momentum and positive MACD creates solid confluence for aggressive day trade entry targeting 1.6% move.,,RSI: 60.1534 | MACD: 0.0006 | DI_PLUS: 43.6857 | DI_MINUS: 19.6636,0,
2026-04-10 23:07:39,Do Not Enter,25,,,,pending,,,"RSI at 16.4 shows severe oversold conditions, but DI- at 61.37 vs DI+ at 6.39 confirms strong bearish trend with ADX at 49.31 indicating trend strength.",News sentiment at -0.35 provides negative backdrop without sufficient bullish confirmation needed for oversold bounce.,"Recent pattern shows high-confidence signals performed well, but current setup lacks the 60% minimum confidence threshold.",Oversold RSI without positive sentiment confirmation and strong bearish directional indicators create falling knife scenario rather than bounce opportunity. [OVERRIDDEN: Confidence 25% below 60% threshold],Confidence 25% below 60% threshold,RSI: 16.399 | MACD: -0.0011 | BB_UPPER: 1.3506 | ADX: 49.3112 | DI_PLUS: 6.386 | DI_MINUS: 61.3747 | OBV: -558683.0155,0,
2026-04-10 23:10:40,Do Not Enter,45,,,,pending,,,RSI oversold at 34.06 but DI- dominates at 38.84 vs DI+ 25.95 confirming strong bearish trend despite high ADX of 44.75,Negative sentiment at -0.35 provides no bullish confirmation for oversold bounce attempt,Recent pattern shows high-confidence signals win but this setup lacks the confluence needed for 60%+ confidence,Bearish directional indicators combined with negative sentiment make this oversold level a potential falling knife rather than bounce setup [OVERRIDDEN: Confidence 45% below 60% threshold],Confidence 45% below 60% threshold,RSI: 34.0593 | MACD: -0.001 | ADX: 44.7502 | DI_PLUS: 25.9528 | DI_MINUS: 38.8445,0,
2026-04-10 23:13:41,Do Not Enter,25,,,,pending,,,RSI oversold at 32.54 but DI- dominates at 43.67 vs DI+ at 24.90 confirming strong bearish trend despite high ADX strength,Negative sentiment at -0.35 provides no bullish confirmation for oversold bounce attempt,Recent pattern shows high-confidence signals win but current setup lacks the confluence needed,Oversold RSI without positive sentiment plus bearish directional indicators create falling knife scenario - avoid catching this decline [OVERRIDDEN: Confidence 25% below 60% threshold],Confidence 25% below 60% threshold,RSI: 32.5387 | MACD: -0.0009 | ADX: 39.4986 | DI_PLUS: 24.8988 | DI_MINUS: 43.6691,0,
2026-04-10 23:16:39,Do Not Enter,45,,,,pending,,,RSI at 34.39 shows oversold conditions but DI- (43.22) dominates DI+ (23.91) confirming strong bearish trend despite ADX 37.87 showing trend strength,Negative sentiment at -0.35 provides no bullish confirmation needed for oversold bounce entry,High-confidence signals performed well but current setup lacks the clear confluence indicators that drove previous wins,Oversold RSI without positive sentiment and bearish directional bias creates falling knife scenario rather than bounce opportunity [OVERRIDDEN: Confidence 45% below 60% threshold],Confidence 45% below 60% threshold,RSI: 34.3854 | MACD: -0.0009 | ADX: 37.8668 | DI_PLUS: 23.9173 | DI_MINUS: 43.2198,0,
2026-04-10 23:19:39,Do Not Enter,25,,,,pending,,,RSI at 36.4 shows oversold conditions but DI- (39.56) dominates DI+ (25.94) confirming bearish trend with strong ADX at 33.96,Negative sentiment at -0.35 provides no bullish confirmation for potential oversold bounce,Recent pattern shows 65%+ confidence signals succeeded while lower confidence trades failed,DI- > DI+ rule violation combined with negative sentiment and oversold without sentiment confirmation creates high-risk setup below 60% threshold [OVERRIDDEN: Confidence 25% below 60% threshold],Confidence 25% below 60% threshold,RSI: 36.4422 | MACD: -0.0007 | ADX: 33.9579 | DI_PLUS: 25.9423 | DI_MINUS: 39.56,0,
2026-04-10 23:22:40,Buy,68,1.3463,1.3313,1.3538,pending,,,"RSI neutral at 49.17, DI+ dominates DI- (40.36 vs 30.88) confirming uptrend, moderate ADX at 30.30 shows decent trend strength, negative MACD suggests caution.",Negative sentiment at -0.35 creates headwind but not extreme enough to override technical bullish bias.,"Recent pattern shows high-confidence signals winning consistently, supporting aggressive entry on clear directional signals.","DI+ over DI- provides clear bullish confirmation despite negative MACD and sentiment, warranting aggressive day trade entry.",,RSI: 49.1666 | MACD: -0.0005 | ATR: 0.0004 | ADX: 30.3016 | DI_PLUS: 40.3622 | DI_MINUS: 30.8841,0,
2026-04-10 08:07:43,Buy,72,1.3573,1.3426,1.3794,L,1.34237,2026-04-11 06:10:23,"RSI at neutral 54.5 with bullish MACD momentum, DI+ (36.37) clearly above DI- (28.48) confirming uptrend, ADX at 27.45 shows decent trend strength.",News sentiment at +0.15 is mildly positive but limited headlines suggest low market attention on XRP fundamentals.,Recent pattern shows high-confidence entries with positive trend confirmation significantly outperformed cautious periods.,"Strong directional bias from DI+ dominance, MACD turning positive, and proven success pattern justifies aggressive entry despite modest sentiment.",,RSI: 54.5018 | MACD: 0.0011 | BB_UPPER: 1.3607 | ADX: 27.4526 | DI_PLUS: 36.3662 | DI_MINUS: 28.4783,0,
2026-04-11 06:10:40,Do Not Enter,25,,,,pending,,,"RSI at 35.14 shows oversold conditions but DI- dominates at 52.17 vs DI+ at 24.33 confirming strong bearish trend, while BB_WIDTH at 0.002 indicates low volatility squeeze",Negative sentiment at -0.35 provides no bullish confirmation needed for oversold bounce setup,"Recent pattern shows daytime buys underperforming despite confidence, suggesting current market conditions favor bearish momentum","Multiple red flags align - bearish DI divergence, negative sentiment, and low volatility environment make this a falling knife scenario rather than oversold bounce opportunity [OVERRIDDEN: Confidence 25% below 60% threshold]",Confidence 25% below 60% threshold,RSI: 35.1376 | MACD: -0.0003 | BB_WIDTH: 0.002156 | DI_PLUS: 24.3308 | DI_MINUS: 52.1686,0,
2026-04-11 06:13:39,Do Not Enter,45,,,,pending,,,RSI at 36.38 shows oversold conditions but DI- dominates at 42.75 vs DI+ at 22.58 confirming strong bearish trend,Negative sentiment at -0.35 provides no bullish support for an oversold bounce attempt,Recent pattern shows high-confidence entries failing while restraint prevented losses,Oversold RSI without positive sentiment plus bearish DI dominance creates falling knife scenario below 60% confidence threshold [OVERRIDDEN: Confidence 45% below 60% threshold],Confidence 45% below 60% threshold,RSI: 36.3834 | MACD: -0.0006 | BB_UPPER: 1.3464 | DI_PLUS: 22.5824 | DI_MINUS: 42.745,0,
2026-04-11 06:16:39,Do Not Enter,25,,,,pending,,,RSI at 37.85 shows oversold conditions but DI- (37.79) dominates DI+ (21.28) confirming bearish trend with MACD negative at -0.0007,News sentiment at -0.35 provides no bullish confirmation needed for oversold bounce setups,Recent pattern shows high-confidence buy signals failed while conservative approach avoided losses,Oversold RSI without positive sentiment confirmation plus bearish directional indicators create falling knife scenario not bounce opportunity [OVERRIDDEN: Confidence 25% below 60% threshold],Confidence 25% below 60% threshold,RSI: 37.854 | MACD: -0.0007 | ADX: 24.8577 | DI_PLUS: 21.2768 | DI_MINUS: 37.7917,0,
2026-04-11 06:19:41,Do Not Enter,45,,,,pending,,,"RSI neutral at 50.32, MACD barely negative at -0.0006, but DI- dominates DI+ (35.77 vs 32.89) indicating bearish directional bias with extremely low BB_WIDTH of 0.003 showing market compression.",Negative sentiment at -0.35 with limited headline coverage suggests bearish backdrop.,"Recent Buy signal failed at 72% confidence, indicating current market conditions are challenging for entries.","DI- above DI+ violates Buy rule regardless of other indicators, plus compressed volatility and negative sentiment create unfavorable entry conditions below 60% confidence threshold. [OVERRIDDEN: Confidence 45% below 60% threshold]",Confidence 45% below 60% threshold,RSI: 50.3182 | MACD: -0.0006 | BB_WIDTH: 0.002977 | ADX: 24.4049 | DI_PLUS: 32.8875 | DI_MINUS: 35.7654,0,
2026-04-11 06:22:41,Do Not Enter,45,,,,pending,,,"RSI neutral at 46.53, MACD slightly bearish at -0.0004, weak ADX at 19.88 shows no trend strength, and DI- (32.79) exceeds DI+ (30.61) indicating bearish directional bias",Negative news sentiment at -0.35 adds selling pressure with limited headline coverage,"Recent pattern shows 80% conservative signals with minimal trade completion suggesting choppy, directionless market conditions","Bearish directional indicators combined with weak trend strength, negative sentiment, and choppy market history creates unfavorable risk-reward setup below 60% confidence threshold [OVERRIDDEN: Confidence 45% below 60% threshold]",Confidence 45% below 60% threshold,RSI: 46.5287 | MACD: -0.0004 | ADX: 19.8831 | DI_PLUS: 30.6088 | DI_MINUS: 32.7928,0,
2026-04-11 06:25:40,Do Not Enter,35,,,,pending,,,RSI neutral at 43.3 but DI- (34.53) > DI+ (28.10) confirms bearish trend with weak ADX (17.56) showing no strong momentum,Negative sentiment at -0.35 with limited headline coverage suggests cautious market mood,No completed trades yet but previous high-confidence signals occurred during weak periods indicating need for stronger setups,Bearish directional indicators combined with negative sentiment and weak trend strength falls below 60% confidence threshold for aggressive day trading entry [OVERRIDDEN: Confidence 35% below 60% threshold],Confidence 35% below 60% threshold,RSI: 43.3054 | MACD: -0.0004 | BB_UPPER: 1.3447 | ADX: 17.5553 | DI_PLUS: 28.1047 | DI_MINUS: 34.5315,0,
2026-04-11 06:28:40,Do Not Enter,35,,,,pending,,,RSI neutral at 49.2 but DI- (30.17) > DI+ (27.81) confirms bearish trend with weak ADX (15.31) indicating poor trend strength,Negative sentiment at -0.35 provides no bullish confirmation and aligns with bearish directional indicators,"Recent pattern shows overwhelming caution with 9 Do Not Enter signals versus 1 Buy, indicating challenging market conditions","DI- dominating DI+ creates bearish bias that violates our rule against buying when trend direction is negative, despite neutral RSI [OVERRIDDEN: Confidence 35% below 60% threshold]",Confidence 35% below 60% threshold,RSI: 49.2179 | MACD: -0.0003 | ATR: 0.0006 | ADX: 15.3065 | DI_PLUS: 27.8119 | DI_MINUS: 30.1728,0,
2026-04-11 06:31:39,Do Not Enter,25,,,,pending,,,RSI oversold at 36.06 but DI- (41.30) dominates DI+ (22.06) confirming strong bearish trend with weak ADX at 17.37,Negative news sentiment at -0.35 provides no support for counter-trend bounce attempts,Recent pattern shows mixed signals with majority Do Not Enter calls reflecting uncertain market conditions,Bearish directional indicators combined with negative sentiment and oversold RSI creates falling knife scenario below 60% confidence threshold [OVERRIDDEN: Confidence 25% below 60% threshold],Confidence 25% below 60% threshold,RSI: 36.0564 | MACD: -0.0005 | ADX: 17.3661 | DI_PLUS: 22.0603 | DI_MINUS: 41.2958,0,
2026-04-11 06:34:40,Do Not Enter,25,,,,pending,,,"RSI neutral at 43.95, MACD negative at -0.0005, weak ADX at 19.67, but critically DI- dominates DI+ (37.49 vs 20.86) confirming bearish trend control",Negative news sentiment at -0.35 adds bearish pressure with limited headline coverage suggesting weak market attention,No completed trade history available to assess recent pattern reliability or momentum context,"DI- significantly above DI+ violates entry rules regardless of other factors, combined with negative MACD and bearish sentiment creates high-risk environment below 60% confidence threshold [OVERRIDDEN: Confidence 25% below 60% threshold]",Confidence 25% below 60% threshold,RSI: 43.952 | MACD: -0.0005 | ADX: 19.6677 | DI_PLUS: 20.8603 | DI_MINUS: 37.4926,0,
2026-04-11 06:37:39,Do Not Enter,35,,,,pending,,,"RSI neutral at 50.84, weak bearish MACD at -0.0003, low ADX at 18.69 shows weak trend, and DI- (33.73) > DI+ (28.44) confirms bearish directional bias",Negative sentiment at -0.35 provides no bullish confirmation with limited news coverage,"System correctly avoided multiple low-confidence entries, showing proper risk management discipline","Bearish directional indicators (DI- > DI+) combined with weak trend strength, negative sentiment, and neutral momentum create unfavorable entry conditions below 60% confidence threshold [OVERRIDDEN: Confidence 35% below 60% threshold]",Confidence 35% below 60% threshold,RSI: 50.8443 | MACD: -0.0003 | BB_UPPER: 1.3441 | ADX: 18.6886 | DI_PLUS: 28.4429 | DI_MINUS: 33.7302,0,
2026-04-11 06:40:39,Do Not Enter,35,,,,pending,,,"RSI neutral at 53.46, MACD barely negative at -0.0002, weak ADX at 15.45 shows no meaningful trend despite DI+ slightly above DI-",Negative sentiment at -0.35 creates headwinds against any bullish momentum,"Recent pattern shows all signals were correctly avoided due to low confidence, suggesting current weak setup should also be passed","Weak trend strength, negative sentiment, and neutral momentum indicators fail to meet 60% confidence threshold for aggressive day trading entry [OVERRIDDEN: Confidence 35% below 60% threshold]",Confidence 35% below 60% threshold,RSI: 53.4619 | MACD: -0.0002 | ADX: 15.4506 | DI_PLUS: 33.1019 | DI_MINUS: 30.5262,0,
2026-04-11 06:43:39,Buy,72,1.3445,1.3296,1.3519,pending,,,"RSI at 62.78 shows healthy momentum without overbought conditions, MACD barely positive at 0.0002, and DI+ at 44.17 strongly dominates DI- at 24.85 confirming bullish trend direction",News sentiment at -0.35 is moderately negative but not extreme enough to override strong technical bullish setup,Clean slate with no recent trades means no psychological baggage from previous losses affecting this decision,Strong directional bias from DI+ dominance combined with healthy RSI momentum creates 72% confidence entry despite negative sentiment,,RSI: 62.7808 | MACD: 0.0002 | DI_PLUS: 44.1716 | DI_MINUS: 24.8474,0,
2026-04-11 06:43:39,Buy,72,1.3445,1.3296,1.3519,W,1.35477,2026-04-11 10:05:16,"RSI at 62.78 shows healthy momentum without overbought conditions, MACD barely positive at 0.0002, and DI+ at 44.17 strongly dominates DI- at 24.85 confirming bullish trend direction",News sentiment at -0.35 is moderately negative but not extreme enough to override strong technical bullish setup,Clean slate with no recent trades means no psychological baggage from previous losses affecting this decision,Strong directional bias from DI+ dominance combined with healthy RSI momentum creates 72% confidence entry despite negative sentiment,,RSI: 62.7808 | MACD: 0.0002 | DI_PLUS: 44.1716 | DI_MINUS: 24.8474,0,
2026-04-10 23:22:40,Buy,68,1.3463,1.3313,1.3538,W,1.35477,2026-04-11 10:05:16,"RSI neutral at 49.17, DI+ dominates DI- (40.36 vs 30.88) confirming uptrend, moderate ADX at 30.30 shows decent trend strength, negative MACD suggests caution.",Negative sentiment at -0.35 creates headwind but not extreme enough to override technical bullish bias.,"Recent pattern shows high-confidence signals winning consistently, supporting aggressive entry on clear directional signals.","DI+ over DI- provides clear bullish confirmation despite negative MACD and sentiment, warranting aggressive day trade entry.",,RSI: 49.1666 | MACD: -0.0005 | ATR: 0.0004 | ADX: 30.3016 | DI_PLUS: 40.3622 | DI_MINUS: 30.8841,0,
2026-04-11 18:34:40,Do Not Enter,15,,,,pending,,,"RSI at extreme oversold 16.73 with strong bearish momentum as DI- dominates at 71.33 vs DI+ at 20.03, confirming strong downtrend",Negative news sentiment at -0.35 reinforces bearish bias with no positive catalyst for reversal,Previous high-confidence signals performed well but current setup lacks the confluence needed for aggressive entry,DI- significantly above DI+ violates entry rules while extreme oversold RSI without positive sentiment confirms falling knife scenario [OVERRIDDEN: Confidence 15% below 60% threshold],Confidence 15% below 60% threshold,RSI: 16.7307 | MACD: -0.0006 | BB_UPPER: 1.3586 | ADX: 36.9965 | DI_PLUS: 20.0252 | DI_MINUS: 71.3313 | OBV: 15548.0434,0,
2026-04-11 18:37:39,Do Not Enter,25,,,,pending,,,RSI at 9.45 shows extreme oversold conditions but DI- dominates at 73.53 vs DI+ at 9.94 indicating strong bearish trend despite high ADX of 44.61,Negative sentiment at -0.35 provides no support for counter-trend bounce attempts in oversold territory,Previous high-confidence signals at 72% succeeded but current setup lacks the required confluence for entry,"Bearish directional indicators override oversold RSI without positive sentiment confirmation, violating the rule against buying when DI- exceeds DI+ [OVERRIDDEN: Confidence 25% below 60% threshold]",Confidence 25% below 60% threshold,RSI: 9.4485 | MACD: -0.0023 | ADX: 44.6137 | DI_PLUS: 9.943 | DI_MINUS: 73.5288,0,
2026-04-11 18:40:41,Do Not Enter,25,,,,pending,,,RSI deeply oversold at 21.67 but DI- dominates at 57.11 vs DI+ at 6.03 confirming strong bearish trend with ADX 51.62 showing high trend strength,Negative sentiment at -0.35 provides no bullish confirmation for potential oversold bounce,Recent pattern shows discipline with low-confidence signals avoiding losses through restraint,DI- >> DI+ violation of buy rules combined with negative sentiment and oversold without sentiment confirmation creates falling knife scenario not bounce setup [OVERRIDDEN: Confidence 25% below 60% threshold],Confidence 25% below 60% threshold,RSI: 21.6746 | MACD: -0.0031 | ADX: 51.6176 | DI_PLUS: 6.0292 | DI_MINUS: 57.1119,0,
2026-04-11 18:43:39,Do Not Enter,25,,,,pending,,,RSI at 13.4 shows extreme oversold but DI- (66.2) dominates DI+ (4.1) confirming strong bearish trend with ADX at 58.6.,Negative sentiment at -0.35 provides no bullish confirmation for oversold bounce attempt.,Previous high-confidence signal won but current setup lacks the confluence needed for aggressive entry.,Oversold RSI without positive sentiment plus bearish DI dominance creates falling knife scenario - waiting for trend reversal confirmation. [OVERRIDDEN: Confidence 25% below 60% threshold],Confidence 25% below 60% threshold,RSI: 13.393 | MACD: -0.0045 | BB_UPPER: 1.3629 | ADX: 58.6013 | DI_PLUS: 4.1035 | DI_MINUS: 66.2266,0,
2026-04-11 18:46:39,Do Not Enter,25,,,,pending,,,RSI deeply oversold at 14.2 but DI- dominates at 57.78 vs DI+ at 2.58 confirming strong bearish trend with high ADX momentum,Negative sentiment at -0.35 provides no bullish confirmation for oversold bounce attempt,Recent pattern shows high-confidence signals win but current setup lacks required conviction,Oversold RSI without positive sentiment plus bearish directional indicators create falling knife scenario below 60% confidence threshold [OVERRIDDEN: Confidence 25% below 60% threshold],Confidence 25% below 60% threshold,RSI: 14.198 | MACD: -0.0056 | ADX: 65.1487 | DI_PLUS: 2.5845 | DI_MINUS: 57.7794,0,
2026-04-11 18:49:39,Do Not Enter,25,,,,pending,,,"RSI at 13.55 shows extreme oversold conditions but DI- dominates at 58.82 vs DI+ at 2.13, confirming strong bearish trend despite high ADX of 70.60.",Negative sentiment at -0.35 provides no bullish confirmation for oversold bounce attempt.,Recent high-confidence win demonstrates importance of waiting for proper confluence rather than catching falling knives.,Extreme oversold RSI without positive sentiment confirmation and clear bearish directional bias makes this a dangerous falling knife setup. [OVERRIDDEN: Confidence 25% below 60% threshold],Confidence 25% below 60% threshold,RSI: 13.5455 | MACD: -0.0064 | BB_UPPER: 1.3592 | ADX: 70.5969 | DI_PLUS: 2.1354 | DI_MINUS: 58.8181 | OBV: -685863.5752,0,
2026-04-11 18:52:39,Do Not Enter,25,,,,pending,,,RSI at 26.06 shows oversold conditions but DI- (42.45) dominates DI+ (13.05) confirming strong bearish trend with ADX at 67.56,Negative sentiment at -0.35 provides no bullish confirmation for potential oversold bounce,Recent discipline in avoiding low-probability trades has paid off with only high-confidence entries executed,Oversold RSI without positive sentiment and clear bearish directional bias makes this a falling knife scenario rather than bounce opportunity [OVERRIDDEN: Confidence 25% below 60% threshold],Confidence 25% below 60% threshold,RSI: 26.0604 | MACD: -0.0059 | BB_UPPER: 1.3519 | ADX: 67.5622 | DI_PLUS: 13.0452 | DI_MINUS: 42.4523,0,
2026-04-11 18:55:39,Do Not Enter,25,,,,pending,,,RSI at 32 shows oversold but DI- (35.98) dominates DI+ (12.26) confirming strong bearish trend with ADX 64 indicating powerful momentum,Negative sentiment at -0.35 provides no support for counter-trend bounce attempts,Recent win pattern shows discipline in avoiding low-confidence setups pays off,Oversold RSI without positive sentiment plus bearish DI dominance creates falling knife scenario not bounce setup [OVERRIDDEN: Confidence 25% below 60% threshold],Confidence 25% below 60% threshold,RSI: 32.0642 | MACD: -0.0051 | BB_LOWER: 1.3238 | ADX: 64.1317 | DI_PLUS: 12.2591 | DI_MINUS: 35.9809,0,
2026-04-11 18:58:40,Do Not Enter,45,,,,pending,,,RSI oversold at 34.72 but DI- dominates at 36.39 vs DI+ at 14.11 confirming strong bearish trend with high ADX 61.41.,Negative sentiment at -0.35 reinforces bearish bias with limited headline coverage.,Recent pattern shows high-confidence entries profitable but current setup lacks conviction.,Oversold RSI in strong downtrend (DI- > DI+) with negative sentiment creates falling knife scenario below 60% confidence threshold. [OVERRIDDEN: Confidence 45% below 60% threshold],Confidence 45% below 60% threshold,RSI: 34.7221 | MACD: -0.0045 | BB_UPPER: 1.3418 | ADX: 61.4075 | DI_PLUS: 14.1144 | DI_MINUS: 36.3876,0,
2026-04-11 19:01:39,Do Not Enter,25,,,,pending,,,RSI at 38.7 shows oversold conditions but DI- (31.03) dominates DI+ (16.40) confirming strong bearish trend with ADX 56.17 indicating powerful momentum.,Negative sentiment at -0.35 provides no bullish confirmation for oversold bounce attempt.,Recent pattern shows high-confidence signals succeed while low-confidence avoided losses through caution.,"Bearish directional indicators override oversold RSI, and negative sentiment fails to meet +0.4 threshold required for oversold bounce entries. [OVERRIDDEN: Confidence 25% below 60% threshold]",Confidence 25% below 60% threshold,RSI: 38.7198 | MACD: -0.0036 | ADX: 56.1712 | DI_PLUS: 16.4046 | DI_MINUS: 31.0312,0,
2026-04-11 19:04:42,Do Not Enter,25,,,,pending,,,RSI at 30.6 shows oversold conditions but DI- (35.35) dominates DI+ (16.16) confirming strong bearish trend despite high ADX (49.88) trend strength,Neutral sentiment at 0.00 provides no bullish confirmation needed for oversold bounce entry,"Recent pattern shows all signals rejected due to low confidence, indicating challenging market conditions continue",Oversold RSI without positive sentiment (+0.4 minimum required) plus bearish directional bias (DI- > DI+) creates falling knife scenario rather than bounce opportunity [OVERRIDDEN: Confidence 25% below 60% threshold],Confidence 25% below 60% threshold,RSI: 30.6066 | MACD: -0.0033 | BB_UPPER: 1.3337 | BB_LOWER: 1.3274 | ADX: 49.8843 | DI_PLUS: 16.1603 | DI_MINUS: 35.3482,0,
2026-04-11 19:07:39,Do Not Enter,25,,,,pending,,,"DI- (34.67) dominates DI+ (20.18) confirming strong bearish trend despite high ADX (46.53) showing trend strength, RSI at 40.52 lacks oversold bounce setup",Negative sentiment at -0.35 provides no bullish catalyst with only 2 headlines suggesting limited market attention,"Recent pattern shows proper risk management with all signals filtered out due to low confidence, avoiding potential losses",Bearish directional indicators override all other signals - never enter Buy when DI- exceeds DI+ regardless of trend strength [OVERRIDDEN: Confidence 25% below 60% threshold],Confidence 25% below 60% threshold,RSI: 40.5186 | MACD: -0.0028 | BB_UPPER: 1.3331 | ADX: 46.5318 | DI_PLUS: 20.175 | DI_MINUS: 34.6658 | OBV: -429333.6492,0,
2026-04-11 19:10:40,Buy,72,1.3343,1.3193,1.3568,pending,,,RSI at neutral 53.4 with strong ADX 39.4 and DI+ (29.9) > DI- (27.5) confirming bullish trend strength despite negative MACD,Negative sentiment at -0.35 is a headwind but not extreme enough to override strong technical bullish signals,No recent trades means fresh opportunity with cautious approach validated by avoiding low-confidence setups,Strong trending conditions with directional bias favoring upside outweigh moderate negative sentiment for aggressive day trade,,RSI: 53.3977 | MACD: -0.0017 | ADX: 39.4398 | DI_PLUS: 29.9484 | DI_MINUS: 27.4726,0,
2026-04-11 19:13:40,Buy,68,1.3346,1.3196,1.3421,pending,,,"RSI at 54.7 shows neutral-bullish momentum, MACD slightly negative but DI+ (32.77) clearly above DI- (24.20) confirms uptrend with strong ADX (33.2) indicating meaningful trend strength.",News sentiment at -0.35 is moderately negative but not extreme enough to override clear technical bullish signals.,"Recent pattern shows sustained caution with only one confident Buy signal emerging, suggesting selective but potentially profitable approach.",DI+ dominance over DI- with strong ADX provides clear directional bias that overrides moderate negative sentiment for an aggressive day trade targeting 0.56% move.,,RSI: 54.7136 | MACD: -0.0009 | ADX: 33.2036 | DI_PLUS: 32.7674 | DI_MINUS: 24.1987,0,
2026-04-11 19:13:40,Buy,68,1.3346,1.3196,1.3421,W,1.34301,2026-04-13 10:39:11,"RSI at 54.7 shows neutral-bullish momentum, MACD slightly negative but DI+ (32.77) clearly above DI- (24.20) confirms uptrend with strong ADX (33.2) indicating meaningful trend strength.",News sentiment at -0.35 is moderately negative but not extreme enough to override clear technical bullish signals.,"Recent pattern shows sustained caution with only one confident Buy signal emerging, suggesting selective but potentially profitable approach.",DI+ dominance over DI- with strong ADX provides clear directional bias that overrides moderate negative sentiment for an aggressive day trade targeting 0.56% move.,,RSI: 54.7136 | MACD: -0.0009 | ADX: 33.2036 | DI_PLUS: 32.7674 | DI_MINUS: 24.1987,0,
2026-04-13 11:40:43,Buy,72,1.3388,1.3258,1.3583,pending,,,"RSI at neutral 58.1 with bullish MACD crossover, DI+ dominance (33.0 vs 23.3) confirms uptrend despite moderate ADX 22.9, price near BB upper indicating momentum.",Positive sentiment +0.35 provides directional support for bullish bias with limited headline noise.,"Recent pattern shows high-confidence signals outperform, and current 72% confidence exceeds threshold for entry.","Clear directional bias with DI+ > DI- trend confirmation, positive MACD momentum, and adequate sentiment support justify aggressive entry targeting 1.5% upside move.",,RSI: 58.1023 | MACD: 0.0001 | BB_UPPER: 1.3398 | BB_LOWER: 1.3348 | ADX: 22.8729 | DI_PLUS: 33.0301 | DI_MINUS: 23.3283,0,
2026-04-11 19:10:40,Buy,72,1.3343,1.3193,1.3568,W,1.35821,2026-04-13 15:14:01,RSI at neutral 53.4 with strong ADX 39.4 and DI+ (29.9) > DI- (27.5) confirming bullish trend strength despite negative MACD,Negative sentiment at -0.35 is a headwind but not extreme enough to override strong technical bullish signals,No recent trades means fresh opportunity with cautious approach validated by avoiding low-confidence setups,Strong trending conditions with directional bias favoring upside outweigh moderate negative sentiment for aggressive day trade,,RSI: 53.3977 | MACD: -0.0017 | ADX: 39.4398 | DI_PLUS: 29.9484 | DI_MINUS: 27.4726,0,
2026-04-13 11:40:43,Buy,72,1.3388,1.3258,1.3583,W,1.3584,2026-04-13 15:14:02,"RSI at neutral 58.1 with bullish MACD crossover, DI+ dominance (33.0 vs 23.3) confirms uptrend despite moderate ADX 22.9, price near BB upper indicating momentum.",Positive sentiment +0.35 provides directional support for bullish bias with limited headline noise.,"Recent pattern shows high-confidence signals outperform, and current 72% confidence exceeds threshold for entry.","Clear directional bias with DI+ > DI- trend confirmation, positive MACD momentum, and adequate sentiment support justify aggressive entry targeting 1.5% upside move.",,RSI: 58.1023 | MACD: 0.0001 | BB_UPPER: 1.3398 | BB_LOWER: 1.3348 | ADX: 22.8729 | DI_PLUS: 33.0301 | DI_MINUS: 23.3283,0,
2026-04-13 22:46:39,Buy,72,1.3652,1.3502,1.3727,pending,,,"RSI neutral at 53.7, MACD barely positive, DI+ dominates DI- (36.3 vs 20.9) confirming uptrend despite weak ADX",Strong positive sentiment at +0.78 provides bullish catalyst for momentum continuation,"Recent high-confidence Buy signals (68-72%) delivered wins, matching current confidence level",DI+ above DI- with positive sentiment creates acceptable 72% confidence setup despite low BB_WIDTH volatility,,RSI: 53.7193 | MACD: 0.0002 | BB_WIDTH: 0.000879 | ADX: 20.1114 | DI_PLUS: 36.2822 | DI_MINUS: 20.9825,0,
timestamp,signal,direction,confidence,entry_price,stop_loss,take_profit,risk_amount,reward_amount,outcome,close_price,close_time,ta_summary,sentiment_summary,history_summary,decision_rationale,overrides,indicators,tp_adjustments,tp_adjustment_log
2026-04-13 22:49:30,Do Not Enter,,45,,,,20.0,30.0,pending,,,"DI- (33.9) dominates DI+ (30.1) indicating downtrend, but RSI at 43.3 is in no-man's land and ADX at 17.3 shows weak trend strength",Strong positive sentiment at +0.78 conflicts with bearish directional indicators creating mixed signals,"Recent wins required DI+ dominance with RSI 50-58, current setup shows opposite with DI- leading","Confidence below 60% threshold due to conflicting directional bias (bearish DI-) versus bullish sentiment, no clear momentum setup present [OVERRIDDEN: Confidence 45% below 60% threshold]",Confidence 45% below 60% threshold,RSI: 43.3465 | MACD: 0.0001 | BB_UPPER: 1.3657 | BB_LOWER: 1.3642 | ADX: 17.2503 | DI_PLUS: 30.098 | DI_MINUS: 33.9014,0,
timestamp,signal,direction,confidence,entry_price,stop_loss,take_profit,risk_amount,reward_amount,outcome,close_price,close_time,ta_summary,sentiment_summary,history_summary,decision_rationale,overrides,indicators,tp_adjustments,tp_adjustment_log
2026-04-13 22:52:40,Do Not Enter,,45,,,,20.0,30.0,pending,,,RSI at 34.6 is oversold while DI- (45.03) dominates DI+ (24.49) confirming strong bearish trend with weak ADX at 18.5,Strong positive sentiment at +0.71 creates bullish bias but insufficient to override technical bearish setup,Recent pattern shows losses avoided when rejecting oversold RSI with bearish DI- dominance,RSI below 35 with DI- > DI+ violates both Buy and Sell entry rules - oversold in downtrend is a falling knife scenario [OVERRIDDEN: Confidence 45% below 60% threshold],Confidence 45% below 60% threshold,RSI: 34.6263 | MACD: -0.0002 | ADX: 18.5072 | DI_PLUS: 24.4894 | DI_MINUS: 45.0311,0,
timestamp,signal,direction,confidence,entry_price,stop_loss,take_profit,risk_amount,reward_amount,outcome,close_price,close_time,ta_summary,sentiment_summary,history_summary,decision_rationale,overrides,indicators,tp_adjustments,tp_adjustment_log
2026-04-13 22:55:40,Do Not Enter,,25,,,,20.0,30.0,pending,,,RSI at 30.09 shows oversold conditions while DI- dominates DI+ (47.35 vs 19.53) confirming strong bearish trend with negative MACD,News sentiment is strongly positive at +0.75 but insufficient to override technical oversold conditions in bearish trend,"Recent wins required DI+ dominance with neutral-bullish RSI, while losses were avoided by rejecting oversold RSI with bearish DI- dominance","RSI oversold at 30.09 with DI- heavily dominating violates both Buy rules (need DI+ > DI-) and Sell rules (RSI too low), creating high-risk falling knife scenario [OVERRIDDEN: Confidence 25% below 60% threshold]",Confidence 25% below 60% threshold,RSI: 30.0857 | MACD: -0.0004 | DI_PLUS: 19.5279 | DI_MINUS: 47.3489,0,
timestamp,signal,direction,confidence,entry_price,stop_loss,take_profit,risk_amount,reward_amount,outcome,close_price,close_time,ta_summary,sentiment_summary,history_summary,decision_rationale,overrides,indicators,tp_adjustments,tp_adjustment_log
2026-04-13 22:58:41,Do Not Enter,,25,,,,20.0,30.0,pending,,,"RSI at 27.99 shows severe oversold conditions while DI- dominates at 52.91 vs DI+ at 19.84, confirming strong downtrend momentum with ADX at 27.87.","News sentiment is strongly positive at +0.72, but not enough to override technical bearish structure.","Recent pattern shows losses when entering oversold RSI with bearish DI- dominance, exactly matching current conditions.",RSI below 35 with DI- >> DI+ creates a falling knife scenario despite positive sentiment - waiting for either RSI recovery or DI reversal is prudent. [OVERRIDDEN: Confidence 25% below 60% threshold],Confidence 25% below 60% threshold,RSI: 27.9974 | ADX: 27.8653 | DI_PLUS: 19.841 | DI_MINUS: 52.9122,0,
timestamp,signal,direction,confidence,entry_price,stop_loss,take_profit,risk_amount,reward_amount,outcome,close_price,close_time,ta_summary,sentiment_summary,history_summary,decision_rationale,overrides,indicators,tp_adjustments,tp_adjustment_log
2026-04-13 23:01:40,Buy,LONG,75,1.3644,1.3494,1.3869,20.0,30.0,pending,,,"DI+ at 47.04 clearly dominates DI- at 34.55 confirming uptrend, RSI neutral at 55.83, ADX at 25.97 shows moderate trend strength",Strong positive sentiment at +0.68 supports bullish momentum with 8 headlines driving optimism,"Recent wins aligned with DI+ dominance over DI- and ADX above 25, current setup matches winning pattern",Clear DI+ leadership with positive sentiment creates high-probability upside momentum play despite tight BB spread,,RSI: 55.8271 | MACD: -0.0004 | BB_UPPER: 1.366 | BB_LOWER: 1.3617 | ADX: 25.966 | DI_PLUS: 47.0391 | DI_MINUS: 34.5456,0,
timestamp,signal,direction,confidence,entry_price,stop_loss,take_profit,risk_amount,reward_amount,outcome,close_price,close_time,ta_summary,sentiment_summary,history_summary,decision_rationale,overrides,indicators,tp_adjustments,tp_adjustment_log
2026-04-13 23:04:40,Buy,LONG,75,1.3657,1.3457,1.3957,20.0,30.0,pending,,,"Strong bullish setup with DI+ at 56.48 clearly above DI- at 27.50, ADX at 27.04 confirms meaningful trend strength, RSI at 65.27 shows momentum without being overbought",Very positive sentiment at +0.72 provides strong fundamental support for upward price movement,Recent wins aligned with current pattern of strong DI+ dominance and solid ADX confirmation,"Clear bullish confluence with directional trend confirmed, adequate volatility, and strong sentiment backing the technical setup",,RSI: 65.265 | MACD: 0.0001 | ADX: 27.039 | DI_PLUS: 56.4751 | DI_MINUS: 27.4985,0,
timestamp,signal,direction,confidence,entry_price,stop_loss,take_profit,risk_amount,reward_amount,outcome,close_price,close_time,ta_summary,sentiment_summary,history_summary,decision_rationale,overrides,indicators,tp_adjustments,tp_adjustment_log
2026-04-13 23:01:40,Buy,LONG,75,1.3644,1.3494,1.3869,20.0,30.0,W,1.39384,2026-04-14 06:57:55,"DI+ at 47.04 clearly dominates DI- at 34.55 confirming uptrend, RSI neutral at 55.83, ADX at 25.97 shows moderate trend strength",Strong positive sentiment at +0.68 supports bullish momentum with 8 headlines driving optimism,"Recent wins aligned with DI+ dominance over DI- and ADX above 25, current setup matches winning pattern",Clear DI+ leadership with positive sentiment creates high-probability upside momentum play despite tight BB spread,,RSI: 55.8271 | MACD: -0.0004 | BB_UPPER: 1.366 | BB_LOWER: 1.3617 | ADX: 25.966 | DI_PLUS: 47.0391 | DI_MINUS: 34.5456,0,
timestamp,signal,direction,confidence,entry_price,stop_loss,take_profit,risk_amount,reward_amount,outcome,close_price,close_time,ta_summary,sentiment_summary,history_summary,decision_rationale,overrides,indicators,tp_adjustments,tp_adjustment_log
2026-04-14 10:25:41,Buy,LONG,75,1.3742,1.3592,1.3967,20.6,30.9,pending,,,"Strong bullish setup with DI+ (46.01) dominating DI- (19.57), RSI at 66 showing momentum without being overbought, and positive MACD confirming upward pressure",Positive sentiment at +0.58 provides supportive backdrop for momentum continuation,"Previous wins occurred with similar DI+ dominance and strong ADX scenarios, current setup mirrors those successful patterns","Clear directional bias with DI+ more than double DI-, moderate ADX (24.46) shows developing trend strength, and RSI in sweet spot for continued upside momentum",,RSI: 66.2321 | MACD: 0.0007 | BB_UPPER: 1.3746 | ADX: 24.4639 | DI_PLUS: 46.0058 | DI_MINUS: 19.5738,0,
timestamp,signal,direction,confidence,entry_price,stop_loss,take_profit,risk_amount,reward_amount,outcome,close_price,close_time,ta_summary,sentiment_summary,history_summary,decision_rationale,overrides,indicators,tp_adjustments,tp_adjustment_log
2026-04-14 10:25:41,Buy,LONG,75,1.3742,1.3592,1.3967,20.6,30.9,L,1.35866,2026-04-14 11:39:07,"Strong bullish setup with DI+ (46.01) dominating DI- (19.57), RSI at 66 showing momentum without being overbought, and positive MACD confirming upward pressure",Positive sentiment at +0.58 provides supportive backdrop for momentum continuation,"Previous wins occurred with similar DI+ dominance and strong ADX scenarios, current setup mirrors those successful patterns","Clear directional bias with DI+ more than double DI-, moderate ADX (24.46) shows developing trend strength, and RSI in sweet spot for continued upside momentum",,RSI: 66.2321 | MACD: 0.0007 | BB_UPPER: 1.3746 | ADX: 24.4639 | DI_PLUS: 46.0058 | DI_MINUS: 19.5738,0,
timestamp,signal,direction,confidence,entry_price,stop_loss,take_profit,risk_amount,reward_amount,outcome,close_price,close_time,ta_summary,sentiment_summary,history_summary,decision_rationale,overrides,indicators,tp_adjustments,tp_adjustment_log
2026-04-14 11:40:41,Do Not Enter,,25,,,,20.19,30.28,pending,,,RSI at 20.88 shows severe oversold conditions while DI- dominance (53.77 vs 11.16) confirms strong downtrend with negative MACD,Strong positive sentiment at +0.65 creates conflicting signal against bearish technical setup,"Recent wins required strong DI+ dominance and bullish MACD crossovers, neither present currently",Oversold RSI below 35 without sentiment above +0.4 rule violation plus conflicting bearish technicals vs bullish sentiment creates low-confidence setup [OVERRIDDEN: Confidence 25% below 60% threshold],Confidence 25% below 60% threshold,RSI: 20.8839 | MACD: -0.002 | ADX: 37.8064 | DI_PLUS: 11.1629 | DI_MINUS: 53.7719 | OBV: -1029277.0156,0,
timestamp,signal,direction,confidence,entry_price,stop_loss,take_profit,risk_amount,reward_amount,outcome,close_price,close_time,ta_summary,sentiment_summary,history_summary,decision_rationale,overrides,indicators,tp_adjustments,tp_adjustment_log
2026-04-14 11:43:43,Do Not Enter,,45,,,,20.19,30.28,pending,,,"RSI at 23.75 shows severe oversold conditions with DI- dominating at 49.18 vs DI+ at 12.32, confirming strong downtrend despite high ADX of 41.99.",Positive sentiment at +0.61 provides some bullish backdrop but insufficient to override technical oversold conditions.,"Recent pattern shows weak signals outperformed strong ones, suggesting current extreme readings may not be reliable entry points.","RSI below 35 in oversold territory violates buy rules, while DI- dominance prevents sell entry; extreme conditions require patience for better setup. [OVERRIDDEN: Confidence 45% below 60% threshold]",Confidence 45% below 60% threshold,RSI: 23.7531 | MACD: -0.0021 | ADX: 41.9921 | DI_PLUS: 12.3233 | DI_MINUS: 49.1823,0,
timestamp,signal,direction,confidence,entry_price,stop_loss,take_profit,risk_amount,reward_amount,outcome,close_price,close_time,ta_summary,sentiment_summary,history_summary,decision_rationale,overrides,indicators,tp_adjustments,tp_adjustment_log
2026-04-14 11:46:44,Do Not Enter,,45,,,,20.19,30.28,pending,,,RSI at 25.66 shows severely oversold conditions with strong bearish momentum (DI- 50.47 >> DI+ 14.22) but move may be exhausted,Strong positive sentiment at +0.65 creates conflicting signals against the technical bearish setup,"Recent pattern shows high-confidence signals win while low-confidence trades fail, suggesting patience is key",Oversold RSI below 35 without sufficient sentiment confirmation (+0.65 not above required +0.4 threshold) creates falling knife scenario rather than bounce setup [OVERRIDDEN: Confidence 45% below 60% threshold],Confidence 45% below 60% threshold,RSI: 25.6574 | MACD: -0.002 | ADX: 43.721 | DI_PLUS: 14.2231 | DI_MINUS: 50.47,0,
timestamp,signal,direction,confidence,entry_price,stop_loss,take_profit,risk_amount,reward_amount,outcome,close_price,close_time,ta_summary,sentiment_summary,history_summary,decision_rationale,overrides,indicators,tp_adjustments,tp_adjustment_log
2026-04-14 11:49:41,Do Not Enter,,75,,,,20.19,30.28,pending,,,"Strong bearish setup with DI- (46.47) dominating DI+ (14.09), RSI deeply oversold at 20.70, negative MACD, and high ADX (46.24) confirming strong trend momentum.",Positive sentiment (+0.64) creates contrarian opportunity as technical indicators suggest oversold bounce potential is limited in this strong downtrend.,"Recent pattern shows high confidence signals performed well, and this setup meets confidence threshold with clear directional bias.","Despite oversold RSI, the extreme DI- dominance and strong trend strength create a high-probability short opportunity targeting continuation of the established downtrend. [OVERRIDDEN: Sell blocked: RSI 20.6983 < 35 (oversold, move exhausted)]","Sell blocked: RSI 20.6983 < 35 (oversold, move exhausted)",RSI: 20.6983 | MACD: -0.0025 | ADX: 46.2377 | DI_PLUS: 14.0877 | DI_MINUS: 46.4687,0,
timestamp,signal,direction,confidence,entry_price,stop_loss,take_profit,risk_amount,reward_amount,outcome,close_price,close_time,ta_summary,sentiment_summary,history_summary,decision_rationale,overrides,indicators,tp_adjustments,tp_adjustment_log
2026-04-14 11:52:40,Do Not Enter,,45,,,,20.19,30.28,pending,,,RSI at 33.58 shows oversold conditions with DI- (38.93) dominating DI+ (15.90) confirming strong downtrend and negative MACD at -0.0025.,Positive sentiment at +0.64 conflicts with bearish technical indicators creating mixed signals.,Recent pattern shows high-confidence entries succeed while low-confidence trades fail.,"Oversold RSI below 35 with bearish DI dominance creates conflicting signals with positive sentiment, keeping confidence below 60% threshold. [OVERRIDDEN: Confidence 45% below 60% threshold]",Confidence 45% below 60% threshold,RSI: 33.5831 | MACD: -0.0025 | ADX: 46.0199 | DI_PLUS: 15.9021 | DI_MINUS: 38.9284 | OBV: -1026452.0515,0,
timestamp,signal,direction,confidence,entry_price,stop_loss,take_profit,risk_amount,reward_amount,outcome,close_price,close_time,ta_summary,sentiment_summary,history_summary,decision_rationale,overrides,indicators,tp_adjustments,tp_adjustment_log
2026-04-14 11:55:40,Do Not Enter,,45,,,,20.19,30.28,pending,,,RSI at 35.37 is oversold while DI- (33.38) dominates DI+ (20.52) confirming downtrend with strong ADX at 41.47,Positive sentiment at +0.61 provides some support but insufficient to override oversold technical conditions,"Recent pattern shows timing matters more than confidence levels, suggesting caution in current mixed conditions",RSI below 35 in downtrend (DI- > DI+) creates falling knife scenario despite positive sentiment - insufficient confluence for 60% confidence threshold [OVERRIDDEN: Confidence 45% below 60% threshold],Confidence 45% below 60% threshold,RSI: 35.3657 | MACD: -0.0021 | ADX: 41.4698 | DI_PLUS: 20.5188 | DI_MINUS: 33.3792 | OBV: -1002179.9514,0,
timestamp,signal,direction,confidence,entry_price,stop_loss,take_profit,risk_amount,reward_amount,outcome,close_price,close_time,ta_summary,sentiment_summary,history_summary,decision_rationale,overrides,indicators,tp_adjustments,tp_adjustment_log
2026-04-14 11:58:41,Do Not Enter,,45,,,,20.19,30.28,pending,,,RSI at 38.973 shows oversold conditions while DI- (36.32) dominates DI+ (22.91) confirming downtrend with strong ADX at 39.07,Very bullish sentiment at +0.78 creates conflict with bearish technical indicators,Recent pattern shows confidence levels don't guarantee outcomes as high-confidence signals have mixed results,Oversold RSI in confirmed downtrend with conflicting bullish sentiment creates uncertain setup below 60% confidence threshold [OVERRIDDEN: Confidence 45% below 60% threshold],Confidence 45% below 60% threshold,RSI: 38.973 | MACD: -0.0019 | ADX: 39.0713 | DI_PLUS: 22.908 | DI_MINUS: 36.3158,0,
timestamp,signal,direction,confidence,entry_price,stop_loss,take_profit,risk_amount,reward_amount,outcome,close_price,close_time,ta_summary,sentiment_summary,history_summary,decision_rationale,overrides,indicators,tp_adjustments,tp_adjustment_log
2026-04-14 12:01:42,Sell,SHORT,72,1.3558,1.3708,1.3333,20.19,30.28,pending,,,"Strong downtrend confirmed with DI- (34.64) > DI+ (25.69), RSI at 39.89 in bearish zone, negative MACD (-0.0016), and high ADX (35.64) showing strong trend momentum.","Despite positive sentiment (+0.75), technical indicators are overwhelmingly bearish and price action often leads sentiment in short-term moves.","Recent cautious approach prevented losses during uncertainty, and strong directional signals have shown reliability when confluence aligns.","Clear bearish confluence with confirmed downtrend, appropriate RSI level for continuation, and strong trend strength justifies aggressive short entry despite positive sentiment.",,RSI: 39.8874 | MACD: -0.0016 | BB_UPPER: 1.3594 | ADX: 35.6398 | DI_PLUS: 25.6905 | DI_MINUS: 34.6415,0,
timestamp,signal,direction,confidence,entry_price,stop_loss,take_profit,risk_amount,reward_amount,outcome,close_price,close_time,ta_summary,sentiment_summary,history_summary,decision_rationale,overrides,indicators,tp_adjustments,tp_adjustment_log
2026-04-14 12:01:42,Sell,SHORT,72,1.3558,1.3708,1.3333,20.19,30.28,L,1.37646,2026-04-15 07:33:31,"Strong downtrend confirmed with DI- (34.64) > DI+ (25.69), RSI at 39.89 in bearish zone, negative MACD (-0.0016), and high ADX (35.64) showing strong trend momentum.","Despite positive sentiment (+0.75), technical indicators are overwhelmingly bearish and price action often leads sentiment in short-term moves.","Recent cautious approach prevented losses during uncertainty, and strong directional signals have shown reliability when confluence aligns.","Clear bearish confluence with confirmed downtrend, appropriate RSI level for continuation, and strong trend strength justifies aggressive short entry despite positive sentiment.",,RSI: 39.8874 | MACD: -0.0016 | BB_UPPER: 1.3594 | ADX: 35.6398 | DI_PLUS: 25.6905 | DI_MINUS: 34.6415,0,
timestamp,signal,direction,confidence,entry_price,stop_loss,take_profit,risk_amount,reward_amount,outcome,close_price,close_time,ta_summary,sentiment_summary,history_summary,decision_rationale,overrides,indicators,tp_adjustments,tp_adjustment_log
2026-04-15 10:40:40,Sell,SHORT,65,1.3785,1.3929,1.3569,19.78,29.68,pending,,,"DI- (35.18) dominates DI+ (25.38) confirming downtrend, RSI at 41.23 shows room to fall, MACD negative at -0.0001",Weak positive sentiment at +0.15 provides no meaningful resistance to technical downtrend,Recent signals showed unreliable confidence but current confluence of directional indicators is clearer,Strong directional confirmation with DI- > DI+ and RSI in optimal range for short entry targeting $0.0216 downward move,,RSI: 41.2299 | MACD: -0.0001 | BB_UPPER: 1.3832 | ADX: 14.079 | DI_PLUS: 25.3807 | DI_MINUS: 35.178,0,
timestamp,signal,direction,confidence,entry_price,stop_loss,take_profit,risk_amount,reward_amount,outcome,close_price,close_time,ta_summary,sentiment_summary,history_summary,decision_rationale,overrides,indicators,tp_adjustments,tp_adjustment_log
2026-04-15 10:40:40,Sell,SHORT,65,1.3785,1.3929,1.3569,19.78,29.68,L,1.39355,2026-04-15 12:35:32,"DI- (35.18) dominates DI+ (25.38) confirming downtrend, RSI at 41.23 shows room to fall, MACD negative at -0.0001",Weak positive sentiment at +0.15 provides no meaningful resistance to technical downtrend,Recent signals showed unreliable confidence but current confluence of directional indicators is clearer,Strong directional confirmation with DI- > DI+ and RSI in optimal range for short entry targeting $0.0216 downward move,,RSI: 41.2299 | MACD: -0.0001 | BB_UPPER: 1.3832 | ADX: 14.079 | DI_PLUS: 25.3807 | DI_MINUS: 35.178,0,
timestamp,signal,direction,confidence,entry_price,stop_loss,take_profit,risk_amount,reward_amount,outcome,close_price,close_time,ta_summary,sentiment_summary,history_summary,decision_rationale,overrides,indicators,tp_adjustments,tp_adjustment_log
2026-04-13 23:04:40,Buy,LONG,75,1.3657,1.3457,1.3957,20.0,30.0,W,1.40342,2026-04-15 12:36:18,"Strong bullish setup with DI+ at 56.48 clearly above DI- at 27.50, ADX at 27.04 confirms meaningful trend strength, RSI at 65.27 shows momentum without being overbought",Very positive sentiment at +0.72 provides strong fundamental support for upward price movement,Recent wins aligned with current pattern of strong DI+ dominance and solid ADX confirmation,"Clear bullish confluence with directional trend confirmed, adequate volatility, and strong sentiment backing the technical setup",,RSI: 65.265 | MACD: 0.0001 | ADX: 27.039 | DI_PLUS: 56.4751 | DI_MINUS: 27.4985,0,
timestamp,signal,direction,confidence,entry_price,stop_loss,take_profit,risk_amount,reward_amount,outcome,close_price,close_time,ta_summary,sentiment_summary,history_summary,decision_rationale,overrides,indicators,tp_adjustments,tp_adjustment_log
2026-04-15 12:37:40,Do Not Enter,,25,,,,19.99,29.98,pending,,,RSI at extreme overbought 92.68 indicates exhausted momentum despite strong DI+ dominance and positive MACD,Neutral sentiment at +0.32 provides no support for continuation at these overbought levels,Recent high-confidence signals resulted in losses while Do Not Enter calls avoided drawdowns,"RSI above 90 represents dangerous overbought territory where reversals are imminent, overriding bullish trend signals [OVERRIDDEN: Confidence 25% below 60% threshold]",Confidence 25% below 60% threshold,RSI: 92.6765 | MACD: 0.0035 | ADX: 39.3918 | DI_PLUS: 78.7359 | DI_MINUS: 4.2804,0,
timestamp,signal,direction,confidence,entry_price,stop_loss,take_profit,risk_amount,reward_amount,outcome,close_price,close_time,ta_summary,sentiment_summary,history_summary,decision_rationale,overrides,indicators,tp_adjustments,tp_adjustment_log
2026-04-15 12:40:39,Do Not Enter,,25,,,,19.99,29.98,pending,,,RSI at 80.25 shows extreme overbought conditions despite strong DI+ dominance and positive MACD momentum,Neutral-positive sentiment at +0.42 provides modest support but insufficient for overbought entry,Recent consecutive losses demand higher conviction setups to break the losing streak,RSI above 80 in overbought territory creates high reversal risk that outweighs bullish trend signals [OVERRIDDEN: Confidence 25% below 60% threshold],Confidence 25% below 60% threshold,RSI: 80.2468 | MACD: 0.0043 | ADX: 43.1837 | DI_PLUS: 61.7214 | DI_MINUS: 16.6627,0,
timestamp,signal,direction,confidence,entry_price,stop_loss,take_profit,risk_amount,reward_amount,outcome,close_price,close_time,ta_summary,sentiment_summary,history_summary,decision_rationale,overrides,indicators,tp_adjustments,tp_adjustment_log
2026-04-15 12:43:41,Do Not Enter,,45,,,,19.99,29.98,pending,,,RSI at 76.11 shows severely overbought conditions while DI+ dominance (58.04 vs 14.59) confirms strong uptrend with high ADX momentum at 46.36,Neutral sentiment at +0.32 provides no catalyst support for continuation of this extended move,Recent pattern of 2 consecutive losses despite moderate-to-high confidence signals suggests current market conditions are challenging for the system,"While trend indicators are bullish, the extremely overbought RSI combined with neutral sentiment and recent system losses creates insufficient edge for aggressive day trading entry [OVERRIDDEN: Confidence 45% below 60% threshold]",Confidence 45% below 60% threshold,RSI: 76.1105 | MACD: 0.0044 | ADX: 46.3556 | DI_PLUS: 58.0443 | DI_MINUS: 14.5944,0,
timestamp,signal,direction,confidence,entry_price,stop_loss,take_profit,risk_amount,reward_amount,outcome,close_price,close_time,ta_summary,sentiment_summary,history_summary,decision_rationale,overrides,indicators,tp_adjustments,tp_adjustment_log
2026-04-15 12:46:42,Buy,LONG,72,1.3994,1.3794,1.4294,19.99,29.98,pending,,,"Strong uptrend confirmed with DI+ (46.15) well above DI- (27.48), RSI at 59.27 showing momentum without overbought conditions, and positive MACD at 0.0035.",Neutral-positive sentiment at +0.32 provides modest support without excessive euphoria risk.,"Recent Sell signals failed showing market may be in stronger uptrend than anticipated, supporting a Buy approach.","Clear directional bias with DI+ dominance, healthy RSI level, and strong ADX at 43.90 indicating powerful trend momentum justify aggressive long entry.",,RSI: 59.2671 | MACD: 0.0035 | BB_UPPER: 1.41 | ADX: 43.9006 | DI_PLUS: 46.1526 | DI_MINUS: 27.4772,0,
timestamp,signal,direction,confidence,entry_price,stop_loss,take_profit,risk_amount,reward_amount,outcome,close_price,close_time,ta_summary,sentiment_summary,history_summary,decision_rationale,overrides,indicators,tp_adjustments,tp_adjustment_log
2026-04-15 12:49:41,Buy,LONG,72,1.4004,1.3854,1.4229,19.99,29.98,pending,,,"Strong bullish setup with DI+ (39.30) clearly above DI- (25.51), RSI at 60.48 showing momentum without overbought conditions, and positive MACD confirming upward pressure.",Neutral-positive sentiment at +0.35 provides adequate support without creating unrealistic expectations that could lead to reversal.,"Recent Sell signals failed while Do Not Enter calls were correct, indicating current market favors upward moves over downward bets.","Clear directional bias from DI+ dominance, optimal RSI positioning, and lessons from recent failed shorts create a high-probability long setup targeting $0.0225 move.",,RSI: 60.4791 | MACD: 0.003 | BB_UPPER: 1.4099 | ADX: 39.7588 | DI_PLUS: 39.2963 | DI_MINUS: 25.5068,0,
timestamp,signal,direction,confidence,entry_price,stop_loss,take_profit,risk_amount,reward_amount,outcome,close_price,close_time,ta_summary,sentiment_summary,history_summary,decision_rationale,overrides,indicators,tp_adjustments,tp_adjustment_log
2026-04-15 12:49:41,Buy,LONG,72,1.4004,1.3854,1.4229,19.99,29.98,L,1.3851,2026-04-15 14:14:11,"Strong bullish setup with DI+ (39.30) clearly above DI- (25.51), RSI at 60.48 showing momentum without overbought conditions, and positive MACD confirming upward pressure.",Neutral-positive sentiment at +0.35 provides adequate support without creating unrealistic expectations that could lead to reversal.,"Recent Sell signals failed while Do Not Enter calls were correct, indicating current market favors upward moves over downward bets.","Clear directional bias from DI+ dominance, optimal RSI positioning, and lessons from recent failed shorts create a high-probability long setup targeting $0.0225 move.",,RSI: 60.4791 | MACD: 0.003 | BB_UPPER: 1.4099 | ADX: 39.7588 | DI_PLUS: 39.2963 | DI_MINUS: 25.5068,0,
timestamp,signal,direction,confidence,entry_price,stop_loss,take_profit,risk_amount,reward_amount,outcome,close_price,close_time,ta_summary,sentiment_summary,history_summary,decision_rationale,overrides,indicators,tp_adjustments,tp_adjustment_log
2026-04-15 14:16:44,Do Not Enter,,75,,,,19.59,29.38,pending,,,"Strong bearish setup with DI- (57.38) dominating DI+ (11.13), RSI at 21.69 showing oversold but in strong downtrend, MACD negative at -0.0013, ADX at 29.08 confirming decent trend strength.",Neutral sentiment at +0.15 provides no bullish catalyst to reverse the technical downtrend.,Recent pattern shows high-confidence sell signals have been the most reliable approach given current market conditions.,"All directional indicators align bearish with strong DI- dominance and negative MACD, while oversold RSI in a confirmed downtrend suggests continuation rather than reversal. [OVERRIDDEN: Sell blocked: RSI 21.6861 < 35 (oversold, move exhausted)]","Sell blocked: RSI 21.6861 < 35 (oversold, move exhausted)",RSI: 21.6861 | MACD: -0.0013 | ADX: 29.0818 | DI_PLUS: 11.1291 | DI_MINUS: 57.3826,0,
timestamp,signal,direction,confidence,entry_price,stop_loss,take_profit,risk_amount,reward_amount,outcome,close_price,close_time,ta_summary,sentiment_summary,history_summary,decision_rationale,overrides,indicators,tp_adjustments,tp_adjustment_log
2026-04-15 14:19:41,Do Not Enter,,45,,,,19.59,29.38,pending,,,RSI at 31.93 is oversold while DI- dominates at 50.97 vs DI+ 12.73 confirming strong downtrend with ADX 36.22 showing trend strength,Weak positive sentiment at +0.15 provides no meaningful support against the technical bearish setup,Recent pattern shows all trades (both Buy and Sell signals at 65-72% confidence) have failed consistently,"RSI oversold without sufficient sentiment (+0.4 minimum needed) creates falling knife scenario, plus consistent recent losses demand higher conviction than current 45% confidence warrants [OVERRIDDEN: Confidence 45% below 60% threshold]",Confidence 45% below 60% threshold,RSI: 31.9306 | MACD: -0.0015 | ADX: 36.2214 | DI_PLUS: 12.7328 | DI_MINUS: 50.9748,0,
timestamp,signal,direction,confidence,entry_price,stop_loss,take_profit,risk_amount,reward_amount,outcome,close_price,close_time,ta_summary,sentiment_summary,history_summary,decision_rationale,overrides,indicators,tp_adjustments,tp_adjustment_log
2026-04-15 14:22:40,Sell,SHORT,65,1.3843,1.3985,1.363,19.59,29.38,pending,,,"DI- (41.16) dominates DI+ (24.62) with strong ADX (36.79) confirming bearish momentum, RSI at 43.98 shows room to fall, MACD negative at -0.0013.",Neutral sentiment (+0.35) provides no bullish rescue but won't amplify downside either.,Recent failed signals suggest better discipline needed - this setup has clear directional bias unlike previous trades.,Strong bearish trend confirmation with DI-/ADX alignment and RSI positioned for further decline justifies aggressive short entry.,,RSI: 43.9771 | MACD: -0.0013 | BB_UPPER: 1.3889 | ADX: 36.7875 | DI_PLUS: 24.6163 | DI_MINUS: 41.1635,0,
timestamp,signal,direction,confidence,entry_price,stop_loss,take_profit,risk_amount,reward_amount,outcome,close_price,close_time,ta_summary,sentiment_summary,history_summary,decision_rationale,overrides,indicators,tp_adjustments,tp_adjustment_log
2026-04-15 14:22:40,Sell,SHORT,65,1.3843,1.3985,1.363,19.59,29.38,L,1.39904,2026-04-15 15:08:14,"DI- (41.16) dominates DI+ (24.62) with strong ADX (36.79) confirming bearish momentum, RSI at 43.98 shows room to fall, MACD negative at -0.0013.",Neutral sentiment (+0.35) provides no bullish rescue but won't amplify downside either.,Recent failed signals suggest better discipline needed - this setup has clear directional bias unlike previous trades.,Strong bearish trend confirmation with DI-/ADX alignment and RSI positioned for further decline justifies aggressive short entry.,,RSI: 43.9771 | MACD: -0.0013 | BB_UPPER: 1.3889 | ADX: 36.7875 | DI_PLUS: 24.6163 | DI_MINUS: 41.1635,0,
timestamp,signal,direction,confidence,entry_price,stop_loss,take_profit,risk_amount,reward_amount,outcome,close_price,close_time,ta_summary,sentiment_summary,history_summary,decision_rationale,overrides,indicators,tp_adjustments,tp_adjustment_log
2026-04-15 15:10:41,Buy,LONG,85,1.4004,1.3804,1.4304,19.2,28.8,pending,,,RSI extremely overbought at 80.70 but DI+ dominates at 60.71 vs DI- 3.76 with strong ADX 60.39 confirming powerful uptrend momentum,Neutral sentiment +0.15 provides no headwinds against the technical momentum,Recent losses suggest market volatility but current setup shows clear directional bias unlike previous mixed signals,Strong directional indicators override overbought RSI in momentum trading - trend strength is exceptional with DI+ 16x stronger than DI-,,RSI: 80.6958 | MACD: 0.0034 | ADX: 60.3884 | DI_PLUS: 60.7065 | DI_MINUS: 3.7592,0,
timestamp,signal,direction,confidence,entry_price,stop_loss,take_profit,risk_amount,reward_amount,outcome,close_price,close_time,ta_summary,sentiment_summary,history_summary,decision_rationale,overrides,indicators,tp_adjustments,tp_adjustment_log
2026-04-15 12:46:42,Buy,LONG,72,1.3994,1.3794,1.4294,19.99,29.98,W,1.43226,2026-04-16 06:41:46,"Strong uptrend confirmed with DI+ (46.15) well above DI- (27.48), RSI at 59.27 showing momentum without overbought conditions, and positive MACD at 0.0035.",Neutral-positive sentiment at +0.32 provides modest support without excessive euphoria risk.,"Recent Sell signals failed showing market may be in stronger uptrend than anticipated, supporting a Buy approach.","Clear directional bias with DI+ dominance, healthy RSI level, and strong ADX at 43.90 indicating powerful trend momentum justify aggressive long entry.",,RSI: 59.2671 | MACD: 0.0035 | BB_UPPER: 1.41 | ADX: 43.9006 | DI_PLUS: 46.1526 | DI_MINUS: 27.4772,0,
timestamp,signal,direction,confidence,entry_price,stop_loss,take_profit,risk_amount,reward_amount,outcome,close_price,close_time,ta_summary,sentiment_summary,history_summary,decision_rationale,overrides,indicators,tp_adjustments,tp_adjustment_log
2026-04-15 15:10:41,Buy,LONG,85,1.4004,1.3804,1.4304,19.2,28.8,W,1.43226,2026-04-16 06:41:46,RSI extremely overbought at 80.70 but DI+ dominates at 60.71 vs DI- 3.76 with strong ADX 60.39 confirming powerful uptrend momentum,Neutral sentiment +0.15 provides no headwinds against the technical momentum,Recent losses suggest market volatility but current setup shows clear directional bias unlike previous mixed signals,Strong directional indicators override overbought RSI in momentum trading - trend strength is exceptional with DI+ 16x stronger than DI-,,RSI: 80.6958 | MACD: 0.0034 | ADX: 60.3884 | DI_PLUS: 60.7065 | DI_MINUS: 3.7592,0,
timestamp,signal,direction,confidence,entry_price,stop_loss,take_profit,risk_amount,reward_amount,outcome,close_price,close_time,ta_summary,sentiment_summary,history_summary,decision_rationale,overrides,indicators,tp_adjustments,tp_adjustment_log
2026-04-16 14:43:40,Sell,SHORT,73,1.451,1.465,1.43,20.37,30.56,pending,,,"DI- (31.07) dominates DI+ (20.54) confirming downtrend with ADX 27.71 showing strong trend strength, RSI 52.81 in ideal sell zone, MACD negative at -0.0002",Neutral sentiment at +0.15 provides no bullish resistance to technical downtrend,Recent pattern shows high-confidence signals above 70% generate wins while sub-70% confidence trades fail,"Clear bearish confluence with DI- dominance, negative MACD, and RSI in sell zone justifies aggressive short entry at 73% confidence",,RSI: 52.8086 | MACD: -0.0002 | ADX: 27.7127 | DI_PLUS: 20.5419 | DI_MINUS: 31.0717,0,
timestamp,signal,direction,confidence,entry_price,stop_loss,take_profit,risk_amount,reward_amount,outcome,close_price,close_time,ta_summary,sentiment_summary,history_summary,decision_rationale,overrides,indicators,tp_adjustments,tp_adjustment_log
2026-04-16 14:46:39,Sell,SHORT,68,1.4489,1.4639,1.4264,20.37,30.56,pending,,,"Strong bearish setup with DI- (38.12) dominating DI+ (17.67), RSI at 42 in selling zone, and negative MACD confirming downward momentum.",Weak positive sentiment (+0.15) provides insufficient bullish support to counter the technical bearish signals.,High confidence signals showed mixed results but pattern suggests commitment to clear directional signals works better than hesitation.,"Clear downtrend confirmation from DI spread, RSI in ideal selling range, and ADX at 28.66 showing sufficient trend strength for momentum trade.",,RSI: 42.0467 | MACD: -0.0004 | BB_UPPER: 1.4516 | ADX: 28.6605 | DI_PLUS: 17.6655 | DI_MINUS: 38.1233,0,
timestamp,signal,direction,confidence,entry_price,stop_loss,take_profit,risk_amount,reward_amount,outcome,close_price,close_time,ta_summary,sentiment_summary,history_summary,decision_rationale,overrides,indicators,tp_adjustments,tp_adjustment_log
2026-04-16 14:43:40,Sell,SHORT,73,1.451,1.465,1.43,20.37,30.56,W,1.42953,2026-04-16 18:49:26,"DI- (31.07) dominates DI+ (20.54) confirming downtrend with ADX 27.71 showing strong trend strength, RSI 52.81 in ideal sell zone, MACD negative at -0.0002",Neutral sentiment at +0.15 provides no bullish resistance to technical downtrend,Recent pattern shows high-confidence signals above 70% generate wins while sub-70% confidence trades fail,"Clear bearish confluence with DI- dominance, negative MACD, and RSI in sell zone justifies aggressive short entry at 73% confidence",,RSI: 52.8086 | MACD: -0.0002 | ADX: 27.7127 | DI_PLUS: 20.5419 | DI_MINUS: 31.0717,0,
timestamp,signal,direction,confidence,entry_price,stop_loss,take_profit,risk_amount,reward_amount,outcome,close_price,close_time,ta_summary,sentiment_summary,history_summary,decision_rationale,overrides,indicators,tp_adjustments,tp_adjustment_log
2026-04-16 18:49:40,Do Not Enter,,45,,,,20.98,31.48,pending,,,"RSI at 25.50 shows severe oversold conditions with DI- dominating at 47.11 vs DI+ at 19.60, confirming strong downtrend momentum.",News sentiment slightly negative at -0.05 provides no support for a bounce from oversold levels.,"Recent pattern shows high-confidence signals can fail when direction conflicts with trend, emphasizing importance of proper setup alignment.",RSI below 35 with insufficient sentiment support (+0.4 threshold) and DI- >> DI+ ruling out Buy; oversold RSI makes Sell risky as move may be exhausted. [OVERRIDDEN: Confidence 45% below 60% threshold],Confidence 45% below 60% threshold,RSI: 25.4965 | MACD: -0.0017 | ADX: 24.1484 | DI_PLUS: 19.6045 | DI_MINUS: 47.1064,0,
timestamp,signal,direction,confidence,entry_price,stop_loss,take_profit,risk_amount,reward_amount,outcome,close_price,close_time,ta_summary,sentiment_summary,history_summary,decision_rationale,overrides,indicators,tp_adjustments,tp_adjustment_log
2026-04-16 18:52:40,Do Not Enter,,45,,,,20.98,31.48,pending,,,RSI at 25 is deeply oversold while DI- dominates at 44.14 vs DI+ at 16.34 confirming strong downtrend with MACD negative at -0.002,Slight negative sentiment at -0.15 provides no bullish confirmation for oversold bounce,Recent pattern shows high-confidence signals succeeded but this setup lacks the required confluence,"RSI below 35 without positive sentiment above +0.4 creates falling knife scenario, and DI- >> DI+ prevents Buy while RSI too low for Sell [OVERRIDDEN: Confidence 45% below 60% threshold]",Confidence 45% below 60% threshold,RSI: 25.0567 | MACD: -0.002 | BB_UPPER: 1.4388 | ADX: 28.6877 | DI_PLUS: 16.3423 | DI_MINUS: 44.139,0,
timestamp,signal,direction,confidence,entry_price,stop_loss,take_profit,risk_amount,reward_amount,outcome,close_price,close_time,ta_summary,sentiment_summary,history_summary,decision_rationale,overrides,indicators,tp_adjustments,tp_adjustment_log
2026-04-16 18:55:40,Do Not Enter,,72,,,,20.98,31.48,pending,,,"Strong bearish setup with DI- (42.19) dominating DI+ (19.52), RSI oversold at 31.52 but not extremely low, and MACD negative at -0.002 confirming downward momentum",Mildly negative sentiment at -0.15 supports bearish bias without extreme pessimism that could trigger contrarian bounce,Recent pattern shows high-confidence signals (70%+) perform well while lower confidence trades fail,"Clear directional trend downward with RSI having room to fall further and negative MACD supporting short entry with 72% confidence above threshold [OVERRIDDEN: Sell blocked: RSI 31.5203 < 35 (oversold, move exhausted)]","Sell blocked: RSI 31.5203 < 35 (oversold, move exhausted)",RSI: 31.5203 | MACD: -0.002 | ADX: 31.5767 | DI_PLUS: 19.5158 | DI_MINUS: 42.1911,0,
timestamp,signal,direction,confidence,entry_price,stop_loss,take_profit,risk_amount,reward_amount,outcome,close_price,close_time,ta_summary,sentiment_summary,history_summary,decision_rationale,overrides,indicators,tp_adjustments,tp_adjustment_log
2026-04-16 18:58:40,Buy,LONG,68,1.4321,1.4175,1.454,20.98,31.48,pending,,,"RSI neutral at 49.54, DI+ (30.69) > DI- (28.15) confirms uptrend, MACD slightly negative at -0.0011 but close to zero turnaround",Slight negative sentiment at -0.10 is minimal and not strong enough to override technical bullish setup,"Recent pattern shows high-confidence signals (85%, 73%) won while low-confidence entries failed","DI+ dominance confirms uptrend direction, RSI in neutral zone allows for upside move, confidence above 60% threshold with recent high-confidence success pattern",,RSI: 49.5445 | MACD: -0.0011 | BB_UPPER: 1.4359 | BB_LOWER: 1.4268 | ADX: 24.571 | DI_PLUS: 30.686 | DI_MINUS: 28.1512,0,
timestamp,signal,direction,confidence,entry_price,stop_loss,take_profit,risk_amount,reward_amount,outcome,close_price,close_time,ta_summary,sentiment_summary,history_summary,decision_rationale,overrides,indicators,tp_adjustments,tp_adjustment_log
2026-04-16 14:46:39,Sell,SHORT,68,1.4489,1.4639,1.4264,20.37,30.56,W,1.42568,2026-04-16 19:16:52,"Strong bearish setup with DI- (38.12) dominating DI+ (17.67), RSI at 42 in selling zone, and negative MACD confirming downward momentum.",Weak positive sentiment (+0.15) provides insufficient bullish support to counter the technical bearish signals.,High confidence signals showed mixed results but pattern suggests commitment to clear directional signals works better than hesitation.,"Clear downtrend confirmation from DI spread, RSI in ideal selling range, and ADX at 28.66 showing sufficient trend strength for momentum trade.",,RSI: 42.0467 | MACD: -0.0004 | BB_UPPER: 1.4516 | ADX: 28.6605 | DI_PLUS: 17.6655 | DI_MINUS: 38.1233,0,
timestamp,signal,direction,confidence,entry_price,stop_loss,take_profit,risk_amount,reward_amount,outcome,close_price,close_time,ta_summary,sentiment_summary,history_summary,decision_rationale,overrides,indicators,tp_adjustments,tp_adjustment_log
2026-04-16 19:19:41,Do Not Enter,,72,,,,21.59,32.39,pending,,,"Strong bearish setup with DI- (51.38) dominating DI+ (19.25), RSI oversold at 32.37 but not critically low, and negative MACD confirming downward momentum",Slight negative sentiment (-0.12) provides additional bearish confirmation without being extreme,"Recent high-confidence sells (68-73%) have won consistently, matching this setup's profile","Clear directional bias with DI- >> DI+ and oversold RSI still has room to fall, targeting $0.033 downward move with $0.022 protective stop [OVERRIDDEN: Sell blocked: RSI 32.3686 < 35 (oversold, move exhausted)]","Sell blocked: RSI 32.3686 < 35 (oversold, move exhausted)",RSI: 32.3686 | MACD: -0.0016 | ADX: 23.7754 | DI_PLUS: 19.2509 | DI_MINUS: 51.3799,0,
timestamp,signal,direction,confidence,entry_price,stop_loss,take_profit,risk_amount,reward_amount,outcome,close_price,close_time,ta_summary,sentiment_summary,history_summary,decision_rationale,overrides,indicators,tp_adjustments,tp_adjustment_log
2026-04-16 19:22:39,Do Not Enter,,45,,,,21.59,32.39,pending,,,RSI at 28.92 is deeply oversold while DI- dominates at 48.95 vs DI+ at 17.50 confirming strong downtrend with ADX showing momentum,Slightly negative sentiment at -0.10 provides no bullish catalyst for oversold bounce,Recent pattern shows high-confidence signals won but this setup lacks the required 60% confidence threshold,RSI below 35 without positive sentiment confirmation creates falling knife scenario - avoiding potential further downside [OVERRIDDEN: Confidence 45% below 60% threshold],Confidence 45% below 60% threshold,RSI: 28.9244 | MACD: -0.0018 | ADX: 28.4724 | DI_PLUS: 17.4951 | DI_MINUS: 48.948,0,
timestamp,signal,direction,confidence,entry_price,stop_loss,take_profit,risk_amount,reward_amount,outcome,close_price,close_time,ta_summary,sentiment_summary,history_summary,decision_rationale,overrides,indicators,tp_adjustments,tp_adjustment_log
2026-04-16 19:25:42,Do Not Enter,,72,,,,21.59,32.39,pending,,,"Strong bearish confirmation with DI- (42.1) dominating DI+ (17.1), RSI near oversold at 34.9 but not exhausted, negative MACD at -0.0017, and strong ADX 30.9 indicating powerful trend strength",Slightly negative sentiment at -0.15 aligns with bearish technical setup without being extreme enough to signal reversal,"Recent high-confidence Sell signals consistently won while restraint prevented losses, supporting aggressive bearish stance","All bearish conditions align perfectly - strong downtrend momentum, RSI hasn't reached exhaustion levels, and proven recent success pattern supports high-confidence short entry [OVERRIDDEN: Sell blocked: RSI 34.932 < 35 (oversold, move exhausted)]","Sell blocked: RSI 34.932 < 35 (oversold, move exhausted)",RSI: 34.932 | MACD: -0.0017 | BB_UPPER: 1.4311 | ADX: 30.8986 | DI_PLUS: 17.0862 | DI_MINUS: 42.0974,0,
timestamp,signal,direction,confidence,entry_price,stop_loss,take_profit,risk_amount,reward_amount,outcome,close_price,close_time,ta_summary,sentiment_summary,history_summary,decision_rationale,overrides,indicators,tp_adjustments,tp_adjustment_log
2026-04-16 19:28:42,Do Not Enter,,72,,,,21.59,32.39,pending,,,"Strong bearish setup with DI- (37.59) dominating DI+ (19.59), RSI at 34.44 showing weakness without oversold bounce risk, negative MACD confirming downward momentum, and ADX at 30.17 indicating sufficient trend strength.",Mildly negative sentiment at -0.15 aligns with bearish technical picture without extreme pessimism that could trigger contrarian bounce.,"Recent high-confidence directional signals have won consistently, supporting aggressive entry on clear technical confluence.","Perfect short setup with confirmed downtrend, RSI in ideal range for continuation, and risk-reward parameters targeting $0.0228 profit vs $0.0152 risk for 1.5:1 ratio. [OVERRIDDEN: Sell blocked: RSI 34.4392 < 35 (oversold, move exhausted)]","Sell blocked: RSI 34.4392 < 35 (oversold, move exhausted)",RSI: 34.4392 | MACD: -0.0016 | ADX: 30.1657 | DI_PLUS: 19.5924 | DI_MINUS: 37.5855,0,
timestamp,signal,direction,confidence,entry_price,stop_loss,take_profit,risk_amount,reward_amount,outcome,close_price,close_time,ta_summary,sentiment_summary,history_summary,decision_rationale,overrides,indicators,tp_adjustments,tp_adjustment_log
2026-04-16 19:31:41,Sell,SHORT,72,1.4241,1.4391,1.3916,21.59,32.39,pending,,,"DI- (35.99) dominates DI+ (20.59) confirming downtrend, RSI at 38.15 in bearish zone but not oversold, MACD negative at -0.0014, ADX 30.38 shows strong trend momentum.",Slightly negative sentiment at -0.10 with 4 headlines supports bearish bias without being extreme.,"Recent pattern shows high-confidence sell signals have been winning while buys/holds remain pending, confirming downtrend strength.","Strong directional confirmation from DI spread, RSI in optimal short zone, and winning sell pattern creates high-probability short setup.",,RSI: 38.151 | MACD: -0.0014 | BB_UPPER: 1.4291 | ADX: 30.3804 | DI_PLUS: 20.5893 | DI_MINUS: 35.9955,0,
timestamp,signal,direction,confidence,entry_price,stop_loss,take_profit,risk_amount,reward_amount,outcome,close_price,close_time,ta_summary,sentiment_summary,history_summary,decision_rationale,overrides,indicators,tp_adjustments,tp_adjustment_log
2026-04-16 19:31:41,Sell,SHORT,72,1.4241,1.4391,1.3916,21.59,32.39,L,1.43914,2026-04-16 20:37:30,"DI- (35.99) dominates DI+ (20.59) confirming downtrend, RSI at 38.15 in bearish zone but not oversold, MACD negative at -0.0014, ADX 30.38 shows strong trend momentum.",Slightly negative sentiment at -0.10 with 4 headlines supports bearish bias without being extreme.,"Recent pattern shows high-confidence sell signals have been winning while buys/holds remain pending, confirming downtrend strength.","Strong directional confirmation from DI spread, RSI in optimal short zone, and winning sell pattern creates high-probability short setup.",,RSI: 38.151 | MACD: -0.0014 | BB_UPPER: 1.4291 | ADX: 30.3804 | DI_PLUS: 20.5893 | DI_MINUS: 35.9955,0,
timestamp,signal,direction,confidence,entry_price,stop_loss,take_profit,risk_amount,reward_amount,outcome,close_price,close_time,ta_summary,sentiment_summary,history_summary,decision_rationale,overrides,indicators,tp_adjustments,tp_adjustment_log
2026-04-16 20:37:40,Do Not Enter,,25,,,,21.16,31.74,pending,,,"RSI at 85.70 shows extreme overbought conditions while DI+ dominance (60.65 vs 7.81) confirms strong uptrend, but entry timing is poor",Slightly negative sentiment at -0.15 provides mild headwind against the bullish technical setup,Recent mixed results on high-confidence signals indicate market conditions are shifting unpredictably,RSI above 80 represents exhausted buying momentum making this a dangerous entry point despite strong trend confirmation from DI+ dominance [OVERRIDDEN: Confidence 25% below 60% threshold],Confidence 25% below 60% threshold,RSI: 85.7032 | MACD: 0.002 | ADX: 38.0764 | DI_PLUS: 60.647 | DI_MINUS: 7.81,0,
timestamp,signal,direction,confidence,entry_price,stop_loss,take_profit,risk_amount,reward_amount,outcome,close_price,close_time,ta_summary,sentiment_summary,history_summary,decision_rationale,overrides,indicators,tp_adjustments,tp_adjustment_log
2026-04-16 20:40:40,Do Not Enter,,45,,,,21.16,31.74,pending,,,"RSI at 79.31 shows extreme overbought conditions while DI+ dominates at 55.68 vs 8.17, creating conflicting signals of strong uptrend but exhausted momentum",Slight negative sentiment at -0.15 adds bearish pressure against the technical uptrend strength,Recent pattern shows conservative approach with higher confidence thresholds has been more successful than aggressive execution,"Despite strong directional indicators, extreme RSI overbought level combined with negative sentiment creates too much uncertainty for aggressive day trading entry [OVERRIDDEN: Confidence 45% below 60% threshold]",Confidence 45% below 60% threshold,RSI: 79.3132 | MACD: 0.0023 | ADX: 45.4473 | DI_PLUS: 55.6841 | DI_MINUS: 8.1729,0,
timestamp,signal,direction,confidence,entry_price,stop_loss,take_profit,risk_amount,reward_amount,outcome,close_price,close_time,ta_summary,sentiment_summary,history_summary,decision_rationale,overrides,indicators,tp_adjustments,tp_adjustment_log
2026-04-16 20:43:39,Buy,LONG,62,1.4344,1.4196,1.4566,21.16,31.74,pending,,,DI+ at 36.78 above DI- at 33.99 confirms uptrend direction with bullish momentum developing,Slightly negative sentiment at -0.15 is manageable and not strong enough to override technical bullish signals,Recent cautious conditions with limited opportunities suggest waiting for clearer setups was correct approach,Clear directional confirmation from DI+ > DI- justifies aggressive entry despite mixed recent performance and neutral sentiment,,DI_PLUS: 36.781 | DI_MINUS: 33.9871,0,
timestamp,signal,direction,confidence,entry_price,stop_loss,take_profit,risk_amount,reward_amount,outcome,close_price,close_time,ta_summary,sentiment_summary,history_summary,decision_rationale,overrides,indicators,tp_adjustments,tp_adjustment_log
2026-04-16 18:58:40,Buy,LONG,68,1.4321,1.4175,1.454,20.98,31.48,W,1.45961,2026-04-17 06:07:08,"RSI neutral at 49.54, DI+ (30.69) > DI- (28.15) confirms uptrend, MACD slightly negative at -0.0011 but close to zero turnaround",Slight negative sentiment at -0.10 is minimal and not strong enough to override technical bullish setup,"Recent pattern shows high-confidence signals (85%, 73%) won while low-confidence entries failed","DI+ dominance confirms uptrend direction, RSI in neutral zone allows for upside move, confidence above 60% threshold with recent high-confidence success pattern",,RSI: 49.5445 | MACD: -0.0011 | BB_UPPER: 1.4359 | BB_LOWER: 1.4268 | ADX: 24.571 | DI_PLUS: 30.686 | DI_MINUS: 28.1512,0,
timestamp,signal,direction,confidence,entry_price,stop_loss,take_profit,risk_amount,reward_amount,outcome,close_price,close_time,ta_summary,sentiment_summary,history_summary,decision_rationale,overrides,indicators,tp_adjustments,tp_adjustment_log
2026-04-16 20:43:39,Buy,LONG,62,1.4344,1.4196,1.4566,21.16,31.74,W,1.45961,2026-04-17 06:07:08,DI+ at 36.78 above DI- at 33.99 confirms uptrend direction with bullish momentum developing,Slightly negative sentiment at -0.15 is manageable and not strong enough to override technical bullish signals,Recent cautious conditions with limited opportunities suggest waiting for clearer setups was correct approach,Clear directional confirmation from DI+ > DI- justifies aggressive entry despite mixed recent performance and neutral sentiment,,DI_PLUS: 36.781 | DI_MINUS: 33.9871,0,
timestamp,signal,direction,confidence,entry_price,stop_loss,take_profit,risk_amount,reward_amount,outcome,close_price,close_time,ta_summary,sentiment_summary,history_summary,decision_rationale,overrides,indicators,tp_adjustments,tp_adjustment_log
2026-04-17 10:27:53,Do Not Enter,,45,,,,22.43,33.64,pending,,,"RSI at 30.59 is oversold, DI- dominates at 39.58 vs DI+ 11.86 confirming downtrend, MACD negative at -0.0037",Neutral sentiment at +0.32 provides no bullish support for oversold bounce,Recent pattern shows high confidence entries worked while marginal setups failed,"RSI oversold without sentiment confirmation creates falling knife scenario, and DI- dominance prevents Buy signal per rules [OVERRIDDEN: Confidence 45% below 60% threshold]",Confidence 45% below 60% threshold,RSI: 30.5949 | MACD: -0.0037 | BB_UPPER: 1.4969 | ADX: 29.3283 | DI_PLUS: 11.8606 | DI_MINUS: 39.5794,0,
timestamp,signal,direction,confidence,entry_price,stop_loss,take_profit,risk_amount,reward_amount,outcome,close_price,close_time,ta_summary,sentiment_summary,history_summary,decision_rationale,overrides,indicators,tp_adjustments,tp_adjustment_log
2026-04-17 10:30:54,Sell,SHORT,68,1.4832,1.5032,1.4532,22.43,33.64,pending,,,"DI- (32.47) dominates DI+ (21.42) confirming downtrend, RSI at 40.63 shows selling pressure without oversold exhaustion, negative MACD supports bearish momentum",Neutral-positive sentiment at +0.35 provides no strong bullish catalyst to counter technical bearish setup,"Recent pattern shows high-confidence entries performing better, with abstaining preventing losses during uncertain conditions",Strong directional bias from DI spread combined with ideal RSI level for continuation sell creates compelling short opportunity with 1.5:1 reward ratio,,RSI: 40.6348 | MACD: -0.0032 | BB_UPPER: 1.4954 | ADX: 29.2225 | DI_PLUS: 21.4222 | DI_MINUS: 32.4697,0,
timestamp,signal,direction,confidence,entry_price,stop_loss,take_profit,risk_amount,reward_amount,outcome,close_price,close_time,ta_summary,sentiment_summary,history_summary,decision_rationale,overrides,indicators,tp_adjustments,tp_adjustment_log
2026-04-17 10:33:53,Buy,LONG,65,1.4866,1.4716,1.5091,22.43,33.64,pending,,,"DI+ (27.60) barely above DI- (27.49) confirms weak uptrend, RSI neutral at 49.25, MACD negative but close to zero suggests potential turn",Moderate positive sentiment at +0.32 provides supportive backdrop for upward momentum,"Recent Buy at 62% confidence won while higher confidence Sell lost, suggesting moderate confidence levels can be effective",Marginal DI+ advantage with neutral RSI and positive sentiment creates acceptable 65% confidence setup for small momentum capture,,RSI: 49.2491 | MACD: -0.0018 | BB_UPPER: 1.4941 | ADX: 23.7223 | DI_PLUS: 27.6006 | DI_MINUS: 27.4911,0,
timestamp,signal,direction,confidence,entry_price,stop_loss,take_profit,risk_amount,reward_amount,outcome,close_price,close_time,ta_summary,sentiment_summary,history_summary,decision_rationale,overrides,indicators,tp_adjustments,tp_adjustment_log
2026-04-17 10:33:53,Buy,LONG,65,1.4866,1.4716,1.5091,22.43,33.64,L,1.47054,2026-04-17 19:12:30,"DI+ (27.60) barely above DI- (27.49) confirms weak uptrend, RSI neutral at 49.25, MACD negative but close to zero suggests potential turn",Moderate positive sentiment at +0.32 provides supportive backdrop for upward momentum,"Recent Buy at 62% confidence won while higher confidence Sell lost, suggesting moderate confidence levels can be effective",Marginal DI+ advantage with neutral RSI and positive sentiment creates acceptable 65% confidence setup for small momentum capture,,RSI: 49.2491 | MACD: -0.0018 | BB_UPPER: 1.4941 | ADX: 23.7223 | DI_PLUS: 27.6006 | DI_MINUS: 27.4911,0,
timestamp,signal,direction,confidence,entry_price,stop_loss,take_profit,risk_amount,reward_amount,outcome,close_price,close_time,ta_summary,sentiment_summary,history_summary,decision_rationale,overrides,indicators,tp_adjustments,tp_adjustment_log
2026-04-17 19:14:40,Sell,SHORT,68,1.4724,1.4874,1.4499,21.98,32.97,pending,,,"Strong bearish setup with DI- (43.88) dominanting DI+ (21.29), RSI at 39.66 showing room to fall, and negative MACD confirming downward momentum.",Moderate positive sentiment (+0.42) provides some headwind but not strong enough to override clear technical bearish signals.,"Recent high-confidence Sell signals failed, but current setup shows stronger directional bias than previous attempts.","Clear downtrend confirmation with DI- > DI+ by significant margin, RSI not oversold allowing further decline, justifies aggressive short position targeting $0.0225 move down.",,RSI: 39.6576 | MACD: -0.0011 | DI_PLUS: 21.2863 | DI_MINUS: 43.882,0,
timestamp,signal,direction,confidence,entry_price,stop_loss,take_profit,risk_amount,reward_amount,outcome,close_price,close_time,ta_summary,sentiment_summary,history_summary,decision_rationale,overrides,indicators,tp_adjustments,tp_adjustment_log
2026-04-17 10:30:54,Sell,SHORT,68,1.4832,1.5032,1.4532,22.43,33.64,W,1.45296,2026-04-18 02:03:17,"DI- (32.47) dominates DI+ (21.42) confirming downtrend, RSI at 40.63 shows selling pressure without oversold exhaustion, negative MACD supports bearish momentum",Neutral-positive sentiment at +0.35 provides no strong bullish catalyst to counter technical bearish setup,"Recent pattern shows high-confidence entries performing better, with abstaining preventing losses during uncertain conditions",Strong directional bias from DI spread combined with ideal RSI level for continuation sell creates compelling short opportunity with 1.5:1 reward ratio,,RSI: 40.6348 | MACD: -0.0032 | BB_UPPER: 1.4954 | ADX: 29.2225 | DI_PLUS: 21.4222 | DI_MINUS: 32.4697,0,
timestamp,signal,direction,confidence,entry_price,stop_loss,take_profit,risk_amount,reward_amount,outcome,close_price,close_time,ta_summary,sentiment_summary,history_summary,decision_rationale,overrides,indicators,tp_adjustments,tp_adjustment_log
2026-04-17 19:14:40,Sell,SHORT,68,1.4724,1.4874,1.4499,21.98,32.97,W,1.4493,2026-04-18 02:19:40,"Strong bearish setup with DI- (43.88) dominanting DI+ (21.29), RSI at 39.66 showing room to fall, and negative MACD confirming downward momentum.",Moderate positive sentiment (+0.42) provides some headwind but not strong enough to override clear technical bearish signals.,"Recent high-confidence Sell signals failed, but current setup shows stronger directional bias than previous attempts.","Clear downtrend confirmation with DI- > DI+ by significant margin, RSI not oversold allowing further decline, justifies aggressive short position targeting $0.0225 move down.",,RSI: 39.6576 | MACD: -0.0011 | DI_PLUS: 21.2863 | DI_MINUS: 43.882,0,
timestamp,signal,direction,confidence,entry_price,stop_loss,take_profit,risk_amount,reward_amount,outcome,close_price,close_time,ta_summary,sentiment_summary,history_summary,decision_rationale,overrides,indicators,tp_adjustments,tp_adjustment_log
2026-04-18 15:34:32,Buy,LONG,72,1.4354,1.413,1.469,23.31,34.97,pending,,,"DI+ (24.45) above DI- (23.78) confirms uptrend, RSI neutral at 51.66, MACD barely positive at 0.0004 showing early bullish momentum",Strong positive sentiment at +0.62 provides bullish backdrop with 6 supportive headlines,"Recent Sell signals performed well at 68% confidence, but current setup favors Buy with clear directional indicators","Uptrend confirmed by DI+>DI-, neutral RSI allows room to move higher, positive sentiment supports momentum play",,RSI: 51.655 | MACD: 0.0004 | ADX: 18.4753 | DI_PLUS: 24.4547 | DI_MINUS: 23.7799,0,
timestamp,signal,direction,confidence,entry_price,stop_loss,take_profit,risk_amount,reward_amount,outcome,close_price,close_time,ta_summary,sentiment_summary,history_summary,decision_rationale,overrides,indicators,tp_adjustments,tp_adjustment_log
2026-04-18 15:35:40,Do Not Enter,,45,,,,23.31,34.97,pending,,,"RSI at 74 shows overbought conditions while DI+ dominates DI- confirming uptrend, but extreme RSI levels suggest exhaustion risk",Slightly negative sentiment at -0.15 creates headwind against the technical uptrend momentum,Recent Sell signals at 68% confidence won consistently while Buy signals showed mixed results,RSI overbought at 74 combined with negative sentiment creates too much uncertainty for aggressive day trading despite strong DI+ trend [OVERRIDDEN: Confidence 45% below 60% threshold],Confidence 45% below 60% threshold,RSI: 74.0704 | MACD: 0.0005 | ADX: 23.1665 | DI_PLUS: 50.3064 | DI_MINUS: 18.6182,0,
timestamp,signal,direction,confidence,entry_price,stop_loss,take_profit,risk_amount,reward_amount,outcome,close_price,close_time,ta_summary,sentiment_summary,history_summary,decision_rationale,overrides,indicators,tp_adjustments,tp_adjustment_log
2026-04-18 15:38:40,Do Not Enter,,45,,,,23.31,34.97,pending,,,"RSI at 63.37 shows momentum but approaching overbought, MACD barely positive at 0.0006, DI+ dominates DI- confirming uptrend but ADX at 24.32 shows weak trend strength",Negative sentiment at -0.32 creates headwind against bullish technical setup with only 5 headlines providing limited conviction,Recent pattern shows Sell signals consistently profitable while Buy signals underperformed despite similar confidence levels,"While DI+ > DI- supports uptrend, weak ADX combined with negative sentiment and poor Buy signal history drops confidence below 60% threshold [OVERRIDDEN: Confidence 45% below 60% threshold]",Confidence 45% below 60% threshold,RSI: 63.37 | MACD: 0.0006 | BB_UPPER: 1.4363 | ADX: 24.3208 | DI_PLUS: 42.3146 | DI_MINUS: 25.5332,0,
timestamp,signal,direction,confidence,entry_price,stop_loss,take_profit,risk_amount,reward_amount,outcome,close_price,close_time,ta_summary,sentiment_summary,history_summary,decision_rationale,overrides,indicators,tp_adjustments,tp_adjustment_log
2026-04-18 15:41:40,Sell,SHORT,68,1.4349,1.4515,1.41,23.31,34.97,pending,,,DI- (36.39) dominates DI+ (33.88) confirming downtrend while RSI at 53.39 shows room to fall with positive MACD suggesting weakening momentum,Negative news sentiment at -0.28 supports bearish bias with sufficient headline coverage,Recent high-confidence Sell signals won consistently at 68% success rate providing favorable pattern recognition,Clear downtrend confirmation with DI- > DI+ and RSI in ideal Sell zone (40-65) aligns with negative sentiment for aggressive short entry,,RSI: 53.3897 | MACD: 0.0004 | ADX: 20.671 | DI_PLUS: 33.8849 | DI_MINUS: 36.3918,0,
timestamp,signal,direction,confidence,entry_price,stop_loss,take_profit,risk_amount,reward_amount,outcome,close_price,close_time,ta_summary,sentiment_summary,history_summary,decision_rationale,overrides,indicators,tp_adjustments,tp_adjustment_log
2026-04-18 15:34:32,Buy,LONG,72,1.4354,1.413,1.469,23.31,34.97,L,1.41269,2026-04-19 10:53:14,"DI+ (24.45) above DI- (23.78) confirms uptrend, RSI neutral at 51.66, MACD barely positive at 0.0004 showing early bullish momentum",Strong positive sentiment at +0.62 provides bullish backdrop with 6 supportive headlines,"Recent Sell signals performed well at 68% confidence, but current setup favors Buy with clear directional indicators","Uptrend confirmed by DI+>DI-, neutral RSI allows room to move higher, positive sentiment supports momentum play",,RSI: 51.655 | MACD: 0.0004 | ADX: 18.4753 | DI_PLUS: 24.4547 | DI_MINUS: 23.7799,0,
timestamp,signal,direction,confidence,entry_price,stop_loss,take_profit,risk_amount,reward_amount,outcome,close_price,close_time,ta_summary,sentiment_summary,history_summary,decision_rationale,overrides,indicators,tp_adjustments,tp_adjustment_log
2026-04-19 10:53:40,Do Not Enter,,45,,,,22.84,34.27,pending,,,"RSI at 33.84 shows oversold conditions with DI- dominating at 43.73 vs DI+ 16.07 confirming downtrend, but BB_WIDTH at 0.0057 indicates extremely low volatility",Slightly negative sentiment at -0.15 aligns with technical bearish bias but is not strong enough to provide conviction,"Recent pattern shows high-confidence Sell signals win consistently, but current setup lacks the volatility and clear momentum needed","While DI- > DI+ confirms downtrend, the combination of oversold RSI, negative sentiment below threshold, and compressed BB_WIDTH below 0.015 creates unclear conditions with insufficient confidence for aggressive day trading entry [OVERRIDDEN: Confidence 45% below 60% threshold]",Confidence 45% below 60% threshold,RSI: 33.8445 | MACD: -0.0013 | BB_WIDTH: 0.005709 | DI_PLUS: 16.0739 | DI_MINUS: 43.7311,0,
timestamp,signal,direction,confidence,entry_price,stop_loss,take_profit,risk_amount,reward_amount,outcome,close_price,close_time,ta_summary,sentiment_summary,history_summary,decision_rationale,overrides,indicators,tp_adjustments,tp_adjustment_log
2026-04-19 10:56:41,Do Not Enter,,72,,,,22.84,34.27,pending,,,"Strong bearish setup with DI- (35.7) dominating DI+ (14.2), RSI at 32.9 showing oversold but not exhausted, and negative MACD confirming downward momentum.",Slightly negative sentiment (-0.15) aligns with bearish technical picture without strong positive news to reverse the trend.,"Recent sell signals at 68% confidence have won consistently while buy signals failed, indicating strong bearish momentum continues.","Clear downtrend confirmation with DI- >> DI+, RSI above 30 threshold, and proven sell signal success rate justify aggressive short entry. [OVERRIDDEN: Sell blocked: RSI 32.8622 < 35 (oversold, move exhausted)]","Sell blocked: RSI 32.8622 < 35 (oversold, move exhausted)",RSI: 32.8622 | MACD: -0.0017 | DI_PLUS: 14.2382 | DI_MINUS: 35.665,0,
timestamp,signal,direction,confidence,entry_price,stop_loss,take_profit,risk_amount,reward_amount,outcome,close_price,close_time,ta_summary,sentiment_summary,history_summary,decision_rationale,overrides,indicators,tp_adjustments,tp_adjustment_log
2026-04-19 10:59:40,Do Not Enter,,72,,,,22.84,34.27,pending,,,"Strong bearish setup with DI- (37.75) dominating DI+ (12.76), RSI at 34.11 showing oversold but not extreme, and negative MACD confirming downward momentum.",Slightly negative sentiment at -0.15 aligns with bearish technical picture without being extreme enough to signal reversal.,Recent pattern shows Sell signals winning consistently at 68% confidence while Buy signals failed despite higher confidence.,"Clear downtrend confirmation with DI- > DI+, RSI above 35 threshold, and successful Sell signal history creates high-confidence short opportunity. [OVERRIDDEN: Sell blocked: RSI 34.1151 < 35 (oversold, move exhausted)]","Sell blocked: RSI 34.1151 < 35 (oversold, move exhausted)",RSI: 34.1151 | MACD: -0.0019 | BB_UPPER: 1.4232 | ADX: 27.6407 | DI_PLUS: 12.7633 | DI_MINUS: 37.7476,0,
timestamp,signal,direction,confidence,entry_price,stop_loss,take_profit,risk_amount,reward_amount,outcome,close_price,close_time,ta_summary,sentiment_summary,history_summary,decision_rationale,overrides,indicators,tp_adjustments,tp_adjustment_log
2026-04-19 11:02:39,Sell,SHORT,72,1.4146,1.4307,1.3904,22.84,34.27,pending,,,"DI- dominates at 35.73 vs DI+ 20.18 confirming downtrend, RSI at 41.83 provides room to fall, MACD negative at -0.0016",Slight negative sentiment at -0.15 aligns with bearish technical setup,Sell signals win consistently at 68% confidence matching current setup strength,Strong directional confirmation with DI- >> DI+ and adequate RSI level creates high-probability short opportunity,,RSI: 41.8265 | MACD: -0.0016 | BB_UPPER: 1.4224 | ADX: 28.9906 | DI_PLUS: 20.1846 | DI_MINUS: 35.7294,0,
timestamp,signal,direction,confidence,entry_price,stop_loss,take_profit,risk_amount,reward_amount,outcome,close_price,close_time,ta_summary,sentiment_summary,history_summary,decision_rationale,overrides,indicators,tp_adjustments,tp_adjustment_log
2026-04-18 15:41:40,Sell,SHORT,68,1.4349,1.4515,1.41,23.31,34.97,W,1.4098,2026-04-19 15:00:08,DI- (36.39) dominates DI+ (33.88) confirming downtrend while RSI at 53.39 shows room to fall with positive MACD suggesting weakening momentum,Negative news sentiment at -0.28 supports bearish bias with sufficient headline coverage,Recent high-confidence Sell signals won consistently at 68% success rate providing favorable pattern recognition,Clear downtrend confirmation with DI- > DI+ and RSI in ideal Sell zone (40-65) aligns with negative sentiment for aggressive short entry,,RSI: 53.3897 | MACD: 0.0004 | ADX: 20.671 | DI_PLUS: 33.8849 | DI_MINUS: 36.3918,0,
timestamp,signal,direction,confidence,entry_price,stop_loss,take_profit,risk_amount,reward_amount,outcome,close_price,close_time,ta_summary,sentiment_summary,history_summary,decision_rationale,overrides,indicators,tp_adjustments,tp_adjustment_log
2026-04-19 11:02:39,Sell,SHORT,72,1.4146,1.4307,1.3904,22.84,34.27,L,1.43225,2026-04-20 08:42:10,"DI- dominates at 35.73 vs DI+ 20.18 confirming downtrend, RSI at 41.83 provides room to fall, MACD negative at -0.0016",Slight negative sentiment at -0.15 aligns with bearish technical setup,Sell signals win consistently at 68% confidence matching current setup strength,Strong directional confirmation with DI- >> DI+ and adequate RSI level creates high-probability short opportunity,,RSI: 41.8265 | MACD: -0.0016 | BB_UPPER: 1.4224 | ADX: 28.9906 | DI_PLUS: 20.1846 | DI_MINUS: 35.7294,0,
timestamp,signal,direction,confidence,entry_price,stop_loss,take_profit,risk_amount,reward_amount,outcome,close_price,close_time,ta_summary,sentiment_summary,history_summary,decision_rationale,overrides,indicators,tp_adjustments,tp_adjustment_log
2026-04-20 08:42:21,Buy,LONG,72,1.4322,1.4122,1.4622,23.09,34.63,pending,,,"Strong bullish setup with DI+ (32.4) dominating DI- (14.1), RSI at healthy 58.8 level, positive MACD, and powerful ADX at 45.8 confirming strong trend momentum",Neutral-positive sentiment at +0.32 provides supportive backdrop without being overly euphoric,"Recent pattern shows Sell signals performing well but Buy signals struggling, however current technical confluence is too strong to ignore","Clear uptrend confirmation with DI+ > DI- rule satisfied, RSI in optimal range, and strong trend strength creates aggressive day trading opportunity targeting $0.03 move",,RSI: 58.754 | MACD: 0.0027 | ADX: 45.762 | DI_PLUS: 32.3973 | DI_MINUS: 14.0507,0,
timestamp,signal,direction,confidence,entry_price,stop_loss,take_profit,risk_amount,reward_amount,outcome,close_price,close_time,ta_summary,sentiment_summary,history_summary,decision_rationale,overrides,indicators,tp_adjustments,tp_adjustment_log
2026-04-20 08:45:32,Buy,LONG,72,1.4314,1.4164,1.4539,23.09,34.63,pending,,,"Strong uptrend confirmed with DI+ (29.63) > DI- (17.90), RSI at neutral 55.97, positive MACD 0.0021, and high ADX 42.51 showing strong trend momentum",Moderately positive sentiment at +0.32 supports upward price action without being overbought,"Recent pattern shows mixed results but Do Not Enter signals avoided losses during uncertainty, validating selective approach",Clear directional indicators align for aggressive day trade targeting $0.0225 move with tight $0.015 stop loss,,RSI: 55.972 | MACD: 0.0021 | ADX: 42.5092 | DI_PLUS: 29.6334 | DI_MINUS: 17.8952,0,
timestamp,signal,direction,confidence,entry_price,stop_loss,take_profit,risk_amount,reward_amount,outcome,close_price,close_time,ta_summary,sentiment_summary,history_summary,decision_rationale,overrides,indicators,tp_adjustments,tp_adjustment_log
2026-04-13 22:46:39,Buy,LONG,72,1.3652,1.3502,1.3727,0.0,0.0,W,1.42795,2026-04-20 14:23:40,"""RSI neutral at 53.7", MACD barely positive," DI+ dominates DI- (36.3 vs 20.9) confirming uptrend despite weak ADX""",Strong positive sentiment at +0.78 provides bullish catalyst for momentum continuation,"""Recent high-confidence Buy signals (68-72%) delivered wins"," matching current confidence level""",DI+ above DI- with positive sentiment creates acceptable 72% confidence setup despite low BB_WIDTH volatility,
timestamp,signal,direction,confidence,entry_price,stop_loss,take_profit,risk_amount,reward_amount,outcome,close_price,close_time,ta_summary,sentiment_summary,history_summary,decision_rationale,overrides,indicators,tp_adjustments,tp_adjustment_log
2026-04-20 08:45:32,Buy,LONG,72,1.4314,1.4164,1.4539,23.09,34.63,L,1.41571,2026-04-21 12:42:19,"Strong uptrend confirmed with DI+ (29.63) > DI- (17.90), RSI at neutral 55.97, positive MACD 0.0021, and high ADX 42.51 showing strong trend momentum",Moderately positive sentiment at +0.32 supports upward price action without being overbought,"Recent pattern shows mixed results but Do Not Enter signals avoided losses during uncertainty, validating selective approach",Clear directional indicators align for aggressive day trade targeting $0.0225 move with tight $0.015 stop loss,,RSI: 55.972 | MACD: 0.0021 | ADX: 42.5092 | DI_PLUS: 29.6334 | DI_MINUS: 17.8952,0,
timestamp,signal,direction,confidence,entry_price,stop_loss,take_profit,risk_amount,reward_amount,outcome,close_price,close_time,ta_summary,sentiment_summary,history_summary,decision_rationale,overrides,indicators,tp_adjustments,tp_adjustment_log
2026-04-21 12:42:43,Do Not Enter,,72,,,,26.63,39.94,pending,,,"Strong bearish setup with DI- dominating at 51.55 vs DI+ at 12.91 (38.6 point gap), ADX at 37 confirming strong trend, RSI oversold at 23.6 but above critical 35 threshold, and negative MACD momentum.",Moderately negative sentiment at -0.35 aligns with bearish technical outlook without extreme positioning.,Recent pattern shows Sell signals winning at 68% while reinforcement data supports shorts with DI- dominance >7 points and ADX >28.,"Exceptional short setup with 38.6 point DI- advantage exceeding all historical thresholds, strong ADX trend confirmation, and RSI recovering from oversold creating entry opportunity. [OVERRIDDEN: Sell blocked: RSI 23.5769 < 35 (oversold, move exhausted)]","Sell blocked: RSI 23.5769 < 35 (oversold, move exhausted)",RSI: 23.5769 | MACD: -0.0027 | ADX: 37.0295 | DI_PLUS: 12.9103 | DI_MINUS: 51.5548,0,
timestamp,signal,direction,confidence,entry_price,stop_loss,take_profit,risk_amount,reward_amount,outcome,close_price,close_time,ta_summary,sentiment_summary,history_summary,decision_rationale,overrides,indicators,tp_adjustments,tp_adjustment_log
2026-04-20 08:42:21,Buy,LONG,72,1.4322,1.4122,1.4622,23.09,34.63,L,1.41168,2026-04-21 12:43:50,"Strong bullish setup with DI+ (32.4) dominating DI- (14.1), RSI at healthy 58.8 level, positive MACD, and powerful ADX at 45.8 confirming strong trend momentum",Neutral-positive sentiment at +0.32 provides supportive backdrop without being overly euphoric,"Recent pattern shows Sell signals performing well but Buy signals struggling, however current technical confluence is too strong to ignore","Clear uptrend confirmation with DI+ > DI- rule satisfied, RSI in optimal range, and strong trend strength creates aggressive day trading opportunity targeting $0.03 move",,RSI: 58.754 | MACD: 0.0027 | ADX: 45.762 | DI_PLUS: 32.3973 | DI_MINUS: 14.0507,0,
timestamp,signal,direction,confidence,entry_price,stop_loss,take_profit,risk_amount,reward_amount,outcome,close_price,close_time,ta_summary,sentiment_summary,history_summary,decision_rationale,overrides,indicators,tp_adjustments,tp_adjustment_log
2026-04-21 12:45:42,Do Not Enter,,25,,,,26.16,39.25,pending,,,"RSI at 18.6 is deeply oversold while DI- dominates DI+ by 44.8 points with strong ADX at 43.6, indicating a powerful downtrend but potentially exhausted selling pressure.",Negative sentiment at -0.35 aligns with the technical downtrend but insufficient to overcome oversold RSI concerns.,"Recent pattern shows higher confidence Sell signals won, but permanent rule blocks Sell entries when RSI is below 35.","Despite strong downtrend confirmation from DI-/ADX and negative sentiment, RSI at 18.6 violates the permanent rule against Sell signals when RSI < 35, and Buy is blocked by DI- > DI+ dominance. [OVERRIDDEN: Confidence 25% below 60% threshold]",Confidence 25% below 60% threshold,RSI: 18.6187 | BB_UPPER: 1.4349 | ADX: 43.6457 | DI_PLUS: 9.7615 | DI_MINUS: 54.5659 | OBV: -422074.1105,0,
timestamp,signal,direction,confidence,entry_price,stop_loss,take_profit,risk_amount,reward_amount,outcome,close_price,close_time,ta_summary,sentiment_summary,history_summary,decision_rationale,overrides,indicators,tp_adjustments,tp_adjustment_log
2026-04-21 12:48:44,Do Not Enter,,68,,,,26.16,39.25,pending,,,"Strong bearish setup with DI- dominating at 43.95 vs DI+ 21.78 (22-point gap), high ADX 43.4 confirms strong downtrend, RSI 33.13 approaching oversold but not exhausted yet","Negative sentiment at -0.35 aligns with bearish technical picture, no positive news pressure to fight","Shorts with DI- gap >= 7 and ADX >= 28 show 57% win rate, current 22-point DI- dominance exceeds historical thresholds","Clear downtrend confirmation from directional indicators with adequate volatility for day trading target, RSI not yet oversold allows for further downside momentum [OVERRIDDEN: Sell blocked: RSI 33.1308 < 35 (oversold, move exhausted)]","Sell blocked: RSI 33.1308 < 35 (oversold, move exhausted)",RSI: 33.1308 | MACD: -0.0035 | ADX: 43.444 | DI_PLUS: 21.7797 | DI_MINUS: 43.951,0,
timestamp,signal,direction,confidence,entry_price,stop_loss,take_profit,risk_amount,reward_amount,outcome,close_price,close_time,ta_summary,sentiment_summary,history_summary,decision_rationale,overrides,indicators,tp_adjustments,tp_adjustment_log
2026-04-21 12:51:43,Do Not Enter,,45,,,,26.16,39.25,pending,,,"RSI at 33.11 is oversold, DI- dominates DI+ (38.25 vs 26.57), MACD negative at -0.0031, ADX strong at 39.21 confirms downtrend strength",Negative sentiment at -0.35 supports bearish bias but not strong enough to override technical concerns,"Recent high-confidence signals failed after initial win, suggesting deteriorating market conditions require extra caution","RSI below 35 blocks Sell signal per permanent rules, while DI- > DI+ blocks Buy signal, leaving no valid entry despite strong trend indicators [OVERRIDDEN: Confidence 45% below 60% threshold]",Confidence 45% below 60% threshold,RSI: 33.1141 | MACD: -0.0031 | BB_UPPER: 1.4272 | ADX: 39.2106 | DI_PLUS: 26.5747 | DI_MINUS: 38.2499,0,
timestamp,signal,direction,confidence,entry_price,stop_loss,take_profit,risk_amount,reward_amount,outcome,close_price,close_time,ta_summary,sentiment_summary,history_summary,decision_rationale,overrides,indicators,tp_adjustments,tp_adjustment_log
2026-04-21 12:54:42,Sell,SHORT,72,1.4158,1.4343,1.388,26.16,39.25,pending,,,DI- dominance (36.23 vs 26.78) with strong ADX 35.4 confirms downtrend; RSI 39.2 allows room to fall; negative MACD supports bearish momentum,Negative sentiment -0.35 aligns with short bias and removes contrarian risk,"Pattern shows shorts with DI- gap >= 7 and ADX >= 28 have 57% edge, current setup exceeds these thresholds",Clear downtrend confirmation with DI- gap of 9.45 points and ADX 35.4 creates high-probability short setup despite modest historical short performance,,RSI: 39.211 | MACD: -0.0026 | BB_UPPER: 1.4227 | ADX: 35.3966 | DI_PLUS: 26.7793 | DI_MINUS: 36.2307,0,
timestamp,signal,direction,confidence,entry_price,stop_loss,take_profit,risk_amount,reward_amount,outcome,close_price,close_time,ta_summary,sentiment_summary,history_summary,decision_rationale,overrides,indicators,tp_adjustments,tp_adjustment_log
2026-04-21 12:57:41,Do Not Enter,,45,,,,26.16,39.25,pending,,,DI- dominance (32.2 vs 25.2) suggests downtrend but RSI at 41.3 is too close to oversold territory for safe short entry,Negative sentiment (-0.35) supports bearish bias but not strong enough to override technical concerns,Recent losses show importance of high-conviction setups; mixed signals produce poor outcomes,"While DI- > DI+ favors shorts, RSI proximity to oversold levels and insufficient confidence make this a skip trade [OVERRIDDEN: Confidence 45% below 60% threshold]",Confidence 45% below 60% threshold,RSI: 41.2889 | MACD: -0.0021 | ATR: 0.0013 | ADX: 30.7492 | DI_PLUS: 25.1863 | DI_MINUS: 32.2094,0,
timestamp,signal,direction,confidence,entry_price,stop_loss,take_profit,risk_amount,reward_amount,outcome,close_price,close_time,ta_summary,sentiment_summary,history_summary,decision_rationale,overrides,indicators,tp_adjustments,tp_adjustment_log
2026-04-21 13:00:42,Do Not Enter,,25,,,,26.16,39.25,pending,,,"RSI at 34.15 is near oversold, DI- dominates DI+ (38.22 vs 19.73), MACD negative at -0.0019, ADX at 30.54 shows trend strength but directional indicators favor downside",Negative sentiment at -0.35 aligns with bearish technical setup but not extreme enough to warrant contrarian positioning,Recent pattern shows all executed trades resulted in losses while 'Do Not Enter' signals successfully avoided losses,"RSI below 35 blocks Sell signal per permanent rules, while DI- > DI+ blocks Buy signal, creating no valid entry with current risk parameters [OVERRIDDEN: Confidence 25% below 60% threshold]",Confidence 25% below 60% threshold,RSI: 34.1487 | MACD: -0.0019 | ADX: 30.5379 | DI_PLUS: 19.7329 | DI_MINUS: 38.2178,0,
timestamp,signal,direction,confidence,entry_price,stop_loss,take_profit,risk_amount,reward_amount,outcome,close_price,close_time,ta_summary,sentiment_summary,history_summary,decision_rationale,overrides,indicators,tp_adjustments,tp_adjustment_log
2026-04-21 13:03:42,Do Not Enter,,45,,,,26.16,39.25,pending,,,"DI- dominates DI+ (32.3 vs 22.97) indicating downtrend, but RSI at 43.9 is too close to oversold territory for safe short entry",Negative sentiment at -0.35 supports bearish bias but isn't strong enough to override technical concerns,"Recent pattern shows all three executed trades failed while 'Do Not Enter' signals avoided losses, reinforcing caution","DI- > DI+ blocks Buy signal per permanent rules, while RSI approaching oversold zone makes short too risky despite downtrend confirmation [OVERRIDDEN: Confidence 45% below 60% threshold]",Confidence 45% below 60% threshold,RSI: 43.9378 | MACD: -0.0015 | ADX: 28.165 | DI_PLUS: 22.9729 | DI_MINUS: 32.2863,0,
timestamp,signal,direction,confidence,entry_price,stop_loss,take_profit,risk_amount,reward_amount,outcome,close_price,close_time,ta_summary,sentiment_summary,history_summary,decision_rationale,overrides,indicators,tp_adjustments,tp_adjustment_log
2026-04-21 13:06:42,Sell,SHORT,65,1.4146,1.4371,1.3808,26.16,39.25,pending,,,"DI- dominates DI+ by 8 points with ADX at 25.6 confirming downtrend strength, RSI at 40.1 in ideal sell zone, MACD negative",Negative sentiment at -0.35 supports bearish bias with no positive catalyst resistance,Recent pattern shows high-confidence trades failing but current setup matches profitable DI- > DI+ short criteria,"Strong directional confirmation with DI- dominance, RSI in optimal short zone (40-65), and negative sentiment alignment creates compelling short opportunity",,RSI: 40.1232 | MACD: -0.0013 | BB_UPPER: 1.4165 | ADX: 25.589 | DI_PLUS: 22.0545 | DI_MINUS: 30.1019,0,
timestamp,signal,direction,confidence,entry_price,stop_loss,take_profit,risk_amount,reward_amount,outcome,close_price,close_time,ta_summary,sentiment_summary,history_summary,decision_rationale,overrides,indicators,tp_adjustments,tp_adjustment_log
2026-04-21 12:54:42,Sell,SHORT,72,1.4158,1.4343,1.388,26.16,39.25,L,1.4343,2026-04-21 17:00:08,DI- dominance (36.23 vs 26.78) with strong ADX 35.4 confirms downtrend; RSI 39.2 allows room to fall; negative MACD supports bearish momentum,Negative sentiment -0.35 aligns with short bias and removes contrarian risk,"Pattern shows shorts with DI- gap >= 7 and ADX >= 28 have 57% edge, current setup exceeds these thresholds",Clear downtrend confirmation with DI- gap of 9.45 points and ADX 35.4 creates high-probability short setup despite modest historical short performance,,RSI: 39.211 | MACD: -0.0026 | BB_UPPER: 1.4227 | ADX: 35.3966 | DI_PLUS: 26.7793 | DI_MINUS: 36.2307,0,
timestamp,signal,direction,confidence,entry_price,stop_loss,take_profit,risk_amount,reward_amount,outcome,close_price,close_time,ta_summary,sentiment_summary,history_summary,decision_rationale,overrides,indicators,tp_adjustments,tp_adjustment_log
2026-04-21 17:00:43,Buy,LONG,78,1.4344,1.4194,1.4569,25.64,38.46,pending,,,"Strong bullish momentum with DI+ at 54.2 dominating DI- at 8.5 (45.7 point gap), ADX at 56.4 confirms powerful trend strength, but RSI at 73 is overbought territory.",Negative sentiment at -0.85 creates contrarian opportunity as technical strength may overcome bearish news bias.,"Recent pattern shows high-confidence signals generated losses, but this setup matches the best historical performance criteria with DI+ dominance >10 and ADX >27.","Despite RSI overbought warning and negative sentiment, the exceptional DI+ dominance (45.7 gap) and strong ADX trend strength (56.4) align with highest win rate pattern historically, justifying aggressive entry.",,RSI: 72.972 | MACD: 0.0018 | ADX: 56.3703 | DI_PLUS: 54.2067 | DI_MINUS: 8.4939,0,
timestamp,signal,direction,confidence,entry_price,stop_loss,take_profit,risk_amount,reward_amount,outcome,close_price,close_time,ta_summary,sentiment_summary,history_summary,decision_rationale,overrides,indicators,tp_adjustments,tp_adjustment_log
2026-04-21 13:06:42,Sell,SHORT,65,1.4146,1.4371,1.3808,26.16,39.25,L,1.44012,2026-04-21 19:17:19,"DI- dominates DI+ by 8 points with ADX at 25.6 confirming downtrend strength, RSI at 40.1 in ideal sell zone, MACD negative",Negative sentiment at -0.35 supports bearish bias with no positive catalyst resistance,Recent pattern shows high-confidence trades failing but current setup matches profitable DI- > DI+ short criteria,"Strong directional confirmation with DI- dominance, RSI in optimal short zone (40-65), and negative sentiment alignment creates compelling short opportunity",,RSI: 40.1232 | MACD: -0.0013 | BB_UPPER: 1.4165 | ADX: 25.589 | DI_PLUS: 22.0545 | DI_MINUS: 30.1019,0,
timestamp,signal,direction,confidence,entry_price,stop_loss,take_profit,risk_amount,reward_amount,outcome,close_price,close_time,ta_summary,sentiment_summary,history_summary,decision_rationale,overrides,indicators,tp_adjustments,tp_adjustment_log
2026-04-21 19:18:13,Do Not Enter,,25,,,,25.12,37.68,pending,,,RSI at 83.87 shows extreme overbought conditions while DI+ dominates at 61.78 vs DI- 11.66 with strong ADX 38.53 trend,Strongly negative sentiment at -0.85 creates conflicting signals against the bullish technical setup,"Reinforcement learning shows 40% win rate for LONG entries with RSI > 60, creating high reversal risk","Despite strong DI+ dominance, extreme RSI overbought territory combined with negative sentiment and historical poor performance above RSI 60 creates unacceptable risk [OVERRIDDEN: Confidence 25% below 60% threshold]",Confidence 25% below 60% threshold,RSI: 83.8679 | MACD: 0.0024 | ADX: 38.5289 | DI_PLUS: 61.7766 | DI_MINUS: 11.6594,0,
timestamp,signal,direction,confidence,entry_price,stop_loss,take_profit,risk_amount,reward_amount,outcome,close_price,close_time,ta_summary,sentiment_summary,history_summary,decision_rationale,overrides,indicators,tp_adjustments,tp_adjustment_log
2026-04-21 19:21:14,Do Not Enter,,25,,,,25.12,37.68,pending,,,RSI at 77.7 shows severely overbought conditions while DI+ dominance (54.4 vs 10.8) and strong ADX (44.5) confirm uptrend strength,Highly negative sentiment at -0.85 creates conflicting signal against technical uptrend momentum,Recent pattern shows Sell signals failed and reinforcement data warns against LONG entries with RSI > 60 (40% win rate),"Overbought RSI above 77 violates learned pattern of avoiding RSI > 60 for LONG entries, while negative sentiment conflicts with bullish technicals creating low-confidence setup [OVERRIDDEN: Confidence 25% below 60% threshold]",Confidence 25% below 60% threshold,RSI: 77.7048 | MACD: 0.0028 | ADX: 44.5016 | DI_PLUS: 54.3675 | DI_MINUS: 10.7917,0,
timestamp,signal,direction,confidence,entry_price,stop_loss,take_profit,risk_amount,reward_amount,outcome,close_price,close_time,ta_summary,sentiment_summary,history_summary,decision_rationale,overrides,indicators,tp_adjustments,tp_adjustment_log
2026-04-21 19:24:16,Do Not Enter,,45,,,,25.12,37.68,pending,,,"RSI at 68.5 shows overbought conditions while DI+ dominance (46.2 vs 22.0) and strong ADX (42.3) indicate uptrend strength, creating conflicting signals",Strongly negative sentiment at -0.80 creates headwind against any bullish momentum despite technical strength,"Recent pattern shows both trades resulted in losses, with reinforcement learning warning against LONG entries when RSI > 60 (40% win rate)","Despite favorable DI+ gap and trend strength, overbought RSI combined with negative sentiment and poor recent performance creates insufficient conviction below 60% threshold [OVERRIDDEN: Confidence 45% below 60% threshold]",Confidence 45% below 60% threshold,RSI: 68.5128 | MACD: 0.0024 | BB_UPPER: 1.4437 | VWAP: 1.4379 | ADX: 42.3001 | DI_PLUS: 46.1675 | DI_MINUS: 22.0129,0,
timestamp,signal,direction,confidence,entry_price,stop_loss,take_profit,risk_amount,reward_amount,outcome,close_price,close_time,ta_summary,sentiment_summary,history_summary,decision_rationale,overrides,indicators,tp_adjustments,tp_adjustment_log
2026-04-21 19:27:14,Do Not Enter,,45,,,,25.12,37.68,pending,,,RSI at 72.62 shows overbought conditions despite strong DI+ dominance (45.54 vs 18.46) and high ADX trend strength at 42.68,Highly negative sentiment at -0.85 creates significant headwind against any bullish technical setup,"Recent reinforcement learning shows LONG trades with RSI > 60 have only 40% win rate, confirming overbought risk","Despite perfect DI+ setup that normally favors LONG, RSI overbought territory combined with extremely negative sentiment drops confidence below 60% threshold [OVERRIDDEN: Confidence 45% below 60% threshold]",Confidence 45% below 60% threshold,RSI: 72.6161 | MACD: 0.0024 | ADX: 42.6825 | DI_PLUS: 45.538 | DI_MINUS: 18.4568,0,
timestamp,signal,direction,confidence,entry_price,stop_loss,take_profit,risk_amount,reward_amount,outcome,close_price,close_time,ta_summary,sentiment_summary,history_summary,decision_rationale,overrides,indicators,tp_adjustments,tp_adjustment_log
2026-04-21 19:30:15,Do Not Enter,,25,,,,25.12,37.68,pending,,,"RSI extremely overbought at 82.4 with strong uptrend (DI+ 58.1 vs DI- 13.9, ADX 45.8) but at reversal risk levels",Strongly negative sentiment at -0.85 creates conflicting signal against bullish technical setup,"Reinforcement data shows LONG with RSI > 60 has only 40% win rate, confirming overbought risk","Despite strong trend signals, RSI at 82.4 is severely overbought with negative sentiment creating high reversal probability and low confidence [OVERRIDDEN: Confidence 25% below 60% threshold]",Confidence 25% below 60% threshold,RSI: 82.4034 | MACD: 0.003 | ADX: 45.8137 | DI_PLUS: 58.1045 | DI_MINUS: 13.8506,0,
timestamp,signal,direction,confidence,entry_price,stop_loss,take_profit,risk_amount,reward_amount,outcome,close_price,close_time,ta_summary,sentiment_summary,history_summary,decision_rationale,overrides,indicators,tp_adjustments,tp_adjustment_log
2026-04-21 19:33:13,Do Not Enter,,45,,,,25.12,37.68,pending,,,RSI at 71.19 is severely overbought with DI+ dominance (54.51 vs 14.88) and strong ADX 48.92 trend strength,News sentiment is strongly negative at -0.85 creating conflicting signals with bullish technicals,Reinforcement data shows LONG with RSI > 60 has only 40% win rate with increased drawdown risk,"Despite perfect DI+ gap setup, overbought RSI above 71 and negative sentiment create too much reversal risk for day trading entry [OVERRIDDEN: Confidence 45% below 60% threshold]",Confidence 45% below 60% threshold,RSI: 71.1927 | ADX: 48.9202 | DI_PLUS: 54.5093 | DI_MINUS: 14.8835,0,
timestamp,signal,direction,confidence,entry_price,stop_loss,take_profit,risk_amount,reward_amount,outcome,close_price,close_time,ta_summary,sentiment_summary,history_summary,decision_rationale,overrides,indicators,tp_adjustments,tp_adjustment_log
2026-04-21 19:36:12,Do Not Enter,,45,,,,25.12,37.68,pending,,,"Strong uptrend with DI+ at 53.45 vs DI- at 16.59 and ADX at 48.54, but RSI at 73.00 shows severe overbought conditions.",Highly negative sentiment at -0.80 creates headwinds against bullish technical setup.,"Reinforcement learning shows LONG with RSI > 60 has only 40% win rate, confirming overbought risk.","Despite perfect DI+ dominance and trend strength, overbought RSI combined with negative sentiment creates too much reversal risk for confident entry. [OVERRIDDEN: Confidence 45% below 60% threshold]",Confidence 45% below 60% threshold,RSI: 73.0025 | MACD: 0.0029 | VWAP: 1.4432 | ADX: 48.543 | DI_PLUS: 53.4529 | DI_MINUS: 16.5925,0,
timestamp,signal,direction,confidence,entry_price,stop_loss,take_profit,risk_amount,reward_amount,outcome,close_price,close_time,ta_summary,sentiment_summary,history_summary,decision_rationale,overrides,indicators,tp_adjustments,tp_adjustment_log
2026-04-21 19:39:14,Buy,LONG,75,1.4446,1.4246,1.4746,25.12,37.68,pending,,,"Strong bullish setup with DI+ dominance (48.4 vs 14.1), high ADX 49.7 confirming trend strength, RSI 68.7 showing momentum but approaching overbought caution zone.",Negative sentiment -0.85 creates headwind but strong technical dominance suggests price action overrides news flow in short-term moves.,"Pattern shows 73% win rate for LONG when DI+ gap exceeds 10 points with ADX above 30, matching current setup perfectly.","34-point DI+ advantage with strong ADX confirms powerful uptrend despite sentiment drag, targeting $0.03 move with $0.02 risk matches day trading parameters.",,RSI: 68.7439 | MACD: 0.0026 | ATR: 0.0013 | ADX: 49.6525 | DI_PLUS: 48.3876 | DI_MINUS: 14.1396,0,
timestamp,signal,direction,confidence,entry_price,stop_loss,take_profit,risk_amount,reward_amount,outcome,close_price,close_time,ta_summary,sentiment_summary,history_summary,decision_rationale,overrides,indicators,tp_adjustments,tp_adjustment_log
2026-04-21 17:00:43,Buy,LONG,78,1.4344,1.4194,1.4569,25.64,38.46,W,1.45695,2026-04-21 22:24:24,"Strong bullish momentum with DI+ at 54.2 dominating DI- at 8.5 (45.7 point gap), ADX at 56.4 confirms powerful trend strength, but RSI at 73 is overbought territory.",Negative sentiment at -0.85 creates contrarian opportunity as technical strength may overcome bearish news bias.,"Recent pattern shows high-confidence signals generated losses, but this setup matches the best historical performance criteria with DI+ dominance >10 and ADX >27.","Despite RSI overbought warning and negative sentiment, the exceptional DI+ dominance (45.7 gap) and strong ADX trend strength (56.4) align with highest win rate pattern historically, justifying aggressive entry.",,RSI: 72.972 | MACD: 0.0018 | ADX: 56.3703 | DI_PLUS: 54.2067 | DI_MINUS: 8.4939,0,
timestamp,signal,direction,confidence,entry_price,stop_loss,take_profit,risk_amount,reward_amount,outcome,close_price,close_time,ta_summary,sentiment_summary,history_summary,decision_rationale,overrides,indicators,tp_adjustments,tp_adjustment_log
2026-04-21 22:27:18,Do Not Enter,,25,,,,25.89,38.83,pending,,,RSI at 79.93 shows extreme overbought conditions while DI+ dominance (49.53 vs 8.71) and ADX 50.39 confirm strong uptrend momentum.,"Sentiment at -0.85 is extremely negative, creating significant headwind against upward price movement.","Pattern shows LONG entries with RSI > 60 have only 40% win rate, indicating overbought reversals are common.","Despite strong trend indicators, extreme RSI overbought level combined with highly negative sentiment creates high reversal risk that exceeds 60% confidence threshold. [OVERRIDDEN: Confidence 25% below 60% threshold]",Confidence 25% below 60% threshold,RSI: 79.9259 | MACD: 0.003 | ADX: 50.3905 | DI_PLUS: 49.5327 | DI_MINUS: 8.711,0,
timestamp,signal,direction,confidence,entry_price,stop_loss,take_profit,risk_amount,reward_amount,outcome,close_price,close_time,ta_summary,sentiment_summary,history_summary,decision_rationale,overrides,indicators,tp_adjustments,tp_adjustment_log
2026-04-21 22:30:13,Do Not Enter,,25,,,,25.89,38.83,pending,,,"RSI at 82.67 shows severe overbought conditions with DI+ > DI- confirming uptrend, but momentum is overextended for safe entry.",Negative sentiment at -0.75 creates headwinds against the technical uptrend momentum.,"Reinforcement data shows LONG entries with RSI > 60 have only 40% win rate, indicating overbought reversals are common.","Despite strong DI+ advantage, RSI at 82.67 exceeds safe entry thresholds and negative sentiment increases reversal risk below 60% confidence. [OVERRIDDEN: Confidence 25% below 60% threshold]",Confidence 25% below 60% threshold,RSI: 82.6696 | MACD: 0.0032 | ADX: 52.6644 | DI_PLUS: 48.0636 | DI_MINUS: 10.8088,0,
timestamp,signal,direction,confidence,entry_price,stop_loss,take_profit,risk_amount,reward_amount,outcome,close_price,close_time,ta_summary,sentiment_summary,history_summary,decision_rationale,overrides,indicators,tp_adjustments,tp_adjustment_log
2026-04-21 22:33:14,Do Not Enter,,25,,,,25.89,38.83,pending,,,"RSI at 84 is severely overbought with DI+ > DI- confirming uptrend, but extreme RSI level signals potential reversal risk.","News sentiment at -0.85 is strongly negative, contradicting the technical uptrend momentum.","Reinforcement learning shows LONG entries with RSI > 60 have only 40% win rate, confirming overbought risk.","Despite strong DI+ advantage and ADX trend strength, RSI at 84 combined with extremely negative sentiment creates high reversal risk that outweighs momentum signals. [OVERRIDDEN: Confidence 25% below 60% threshold]",Confidence 25% below 60% threshold,RSI: 84.0137 | MACD: 0.0033 | ADX: 53.0369 | DI_PLUS: 42.6483 | DI_MINUS: 14.4194,0,
timestamp,signal,direction,confidence,entry_price,stop_loss,take_profit,risk_amount,reward_amount,outcome,close_price,close_time,ta_summary,sentiment_summary,history_summary,decision_rationale,overrides,indicators,tp_adjustments,tp_adjustment_log
2026-04-21 22:36:14,Do Not Enter,,25,,,,25.89,38.83,pending,,,"RSI at extreme overbought 83.18 with strong uptrend (DI+ 43.29 vs DI- 13.31, ADX 52.76) but price near resistance at BB upper 1.4624",Strong negative sentiment at -0.85 creates headwind against bullish technicals,No trade history yet but reinforcement learning shows 40% win rate for LONG entries with RSI > 60,"Despite favorable DI+ gap and trend strength, extreme RSI overbought combined with negative sentiment creates high reversal risk that contradicts aggressive day trading approach [OVERRIDDEN: Confidence 25% below 60% threshold]",Confidence 25% below 60% threshold,RSI: 83.1794 | MACD: 0.0031 | BB_UPPER: 1.4624 | ADX: 52.7577 | DI_PLUS: 43.2911 | DI_MINUS: 13.3087,0,
timestamp,signal,direction,confidence,entry_price,stop_loss,take_profit,risk_amount,reward_amount,outcome,close_price,close_time,ta_summary,sentiment_summary,history_summary,decision_rationale,overrides,indicators,tp_adjustments,tp_adjustment_log
2026-04-21 22:39:15,Buy,LONG,78,1.4585,1.4419,1.4834,25.89,38.83,pending,,,"Strong bullish setup with DI+ dominating DI- by 19.3 points (37.4 vs 18.1), ADX at 50 confirming strong trend, RSI at 65.4 approaching overbought but not excessive, and positive MACD at 0.0025.",Negative sentiment at -0.85 creates contrarian opportunity as technical strength often overcomes short-term news pessimism.,Reinforcement data strongly favors this exact setup: LONG with DI+ gap >10 and ADX >30 achieved 73% win rate across 11 trades.,"Despite negative sentiment, the DI+ dominance of 19.3 points combined with ADX 50 creates the highest-probability LONG setup from historical data, justifying aggressive entry before RSI becomes truly overbought.",,RSI: 65.4785 | MACD: 0.0025 | ATR: 0.0011 | ADX: 50.0436 | DI_PLUS: 37.4035 | DI_MINUS: 18.0918,0,
timestamp,signal,direction,confidence,entry_price,stop_loss,take_profit,risk_amount,reward_amount,outcome,close_price,close_time,ta_summary,sentiment_summary,history_summary,decision_rationale,overrides,indicators,tp_adjustments,tp_adjustment_log
2026-04-21 22:39:15,Buy,LONG,78,1.4585,1.4419,1.4834,25.89,38.83,L,1.44033,2026-04-22 12:35:12,"Strong bullish setup with DI+ dominating DI- by 19.3 points (37.4 vs 18.1), ADX at 50 confirming strong trend, RSI at 65.4 approaching overbought but not excessive, and positive MACD at 0.0025.",Negative sentiment at -0.85 creates contrarian opportunity as technical strength often overcomes short-term news pessimism.,Reinforcement data strongly favors this exact setup: LONG with DI+ gap >10 and ADX >30 achieved 73% win rate across 11 trades.,"Despite negative sentiment, the DI+ dominance of 19.3 points combined with ADX 50 creates the highest-probability LONG setup from historical data, justifying aggressive entry before RSI becomes truly overbought.",,RSI: 65.4785 | MACD: 0.0025 | ATR: 0.0011 | ADX: 50.0436 | DI_PLUS: 37.4035 | DI_MINUS: 18.0918,0,
timestamp,signal,direction,confidence,entry_price,stop_loss,take_profit,risk_amount,reward_amount,outcome,close_price,close_time,ta_summary,sentiment_summary,history_summary,decision_rationale,overrides,indicators,tp_adjustments,tp_adjustment_log
2026-04-21 19:39:14,Buy,LONG,75,1.4446,1.4246,1.4746,25.12,37.68,L,1.42456,2026-04-22 19:03:21,"Strong bullish setup with DI+ dominance (48.4 vs 14.1), high ADX 49.7 confirming trend strength, RSI 68.7 showing momentum but approaching overbought caution zone.",Negative sentiment -0.85 creates headwind but strong technical dominance suggests price action overrides news flow in short-term moves.,"Pattern shows 73% win rate for LONG when DI+ gap exceeds 10 points with ADX above 30, matching current setup perfectly.","34-point DI+ advantage with strong ADX confirms powerful uptrend despite sentiment drag, targeting $0.03 move with $0.02 risk matches day trading parameters.",,RSI: 68.7439 | MACD: 0.0026 | ATR: 0.0013 | ADX: 49.6525 | DI_PLUS: 48.3876 | DI_MINUS: 14.1396,0,
